feature,symbol,fiscal_period_end,yahoo_value,dolt_value,abs_pct_diff
revenue,BK,2024-12-31,18258000000.0,39914000000.0,1.186110198269252
revenue,C,2024-12-31,80672000000.0,170757000000.0,1.1166823681078937
revenue,KEY,2024-12-31,4396000000.0,9236000000.0,1.1010009099181073
revenue,BK,2025-12-31,19759000000.0,40762000000.0,1.0629586517536314
revenue,WDC,2024-06-30,6317000000.0,13003000000.0,1.058413804020896
revenue,C,2023-12-31,78090000000.0,156820000000.0,1.0081956716609042
revenue,C,2025-12-31,85213000000.0,168297000000.0,0.9750155492706511
revenue,WDC,2023-06-30,6255000000.0,12318000000.0,0.9693045563549161
revenue,BK,2023-12-31,17344000000.0,33805000000.0,0.9490890221402214
revenue,GE,2023-12-31,35348000000.0,67954000000.0,0.9224284259364037
gross_profit,F,2025-12-31,1680000000.0,12801000000.0,6.619642857142857
gross_profit,EQT,2023-12-31,941579000.0,4494000000.0,3.7728337186789425
gross_profit,UPS,2025-12-31,16030000000.0,70650000000.0,3.4073611977542106
gross_profit,UPS,2024-12-31,16356000000.0,70175000000.0,3.290474443629249
gross_profit,UPS,2023-12-31,17238000000.0,69704000000.0,3.043624550411881
gross_profit,EQT,2024-12-31,767219000.0,2868000000.0,2.7381764528772097
gross_profit,JBHT,2024-12-31,1567783000.0,5561000000.0,2.5470470084188945
gross_profit,JBHT,2025-12-31,1596624000.0,5548000000.0,2.474831895299081
gross_profit,JBHT,2023-12-31,1700785000.0,5696000000.0,2.349041766008049
gross_profit,FDX,2025-05-31,18995000000.0,62383000000.0,2.2841800473808895
operating_income,WBD,2024-12-31,18000000.0,-10032000000.0,558.3333333333334
operating_income,INTC,2025-12-31,-23000000.0,-2214000000.0,95.26086956521739
operating_income,CNC,2025-12-31,-312000000.0,-7623000000.0,23.432692307692307
operating_income,IP,2025-12-31,-10000000.0,200000000.0,21.0
operating_income,DOW,2025-12-31,158000000.0,-1698000000.0,11.746835443037975
operating_income,HAS,2023-12-31,191400000.0,-1539000000.0,9.04075235109718
operating_income,TKO,2024-12-31,30946000.0,283000000.0,8.144962192205778
operating_income,STX,2023-06-30,60000000.0,-342000000.0,6.7
operating_income,ALB,2025-12-31,67285000.0,-367000000.0,6.4544103440588545
operating_income,TTWO,2025-03-31,-739400000.0,-4391000000.0,4.938598863943739
net_income,CRL,2024-12-31,10297000.0,22000000.0,1.1365446246479558
net_income,SW,2023-12-31,825000000.0,-22000000.0,1.0266666666666666
net_income,MCHP,2025-03-31,-500000.0,-1000000.0,1.0
net_income,DOC,2023-12-31,306009000.0,42000000.0,0.8627491348293678
net_income,LYV,2023-12-31,556893000.0,316000000.0,0.43256604051406644
net_income,TRGP,2023-12-31,1345900000.0,828000000.0,0.3847982762463779
net_income,CRWD,2025-01-31,-15241000.0,-19000000.0,0.24663735975329704
net_income,CRWD,2024-01-31,72181000.0,89000000.0,0.23301145730871003
net_income,CAH,2023-06-30,330000000.0,261000000.0,0.20909090909090908
net_income,MPWR,2024-12-31,1592058000.0,1787000000.0,0.12244654403294353
ebitda,IP,2025-12-31,65000000.0,3082000000.0,46.41538461538462
ebitda,CVNA,2025-12-31,-110000000.0,2166000000.0,20.69090909090909
ebitda,SATS,2023-12-31,-243404000.0,1320000000.0,6.423082611625117
ebitda,ARE,2025-12-31,360450000.0,1969000000.0,4.462616174226661
ebitda,STZ,2025-02-28,781300000.0,3609000000.0,3.619224369640343
ebitda,DD,2023-12-31,697000000.0,2800000000.0,3.0172166427546627
ebitda,KHC,2025-12-31,-3530000000.0,5605000000.0,2.587818696883853
ebitda,WDC,2023-06-30,289000000.0,-444000000.0,2.536332179930796
ebitda,TAP,2025-12-31,-1544400000.0,2040000000.0,2.3209013209013207
ebitda,XYZ,2023-12-31,790384000.0,-722000000.0,1.9134800299601207
operating_cash_flow,DD,2024-12-31,765000000.0,2321000000.0,2.033986928104575
operating_cash_flow,DD,2023-12-31,845000000.0,2191000000.0,1.5928994082840238
operating_cash_flow,DELL,2025-01-31,4521000000.0,4520000.0,0.9990002211900022
operating_cash_flow,JCI,2025-09-30,1399000000.0,2554000000.0,0.825589706933524
operating_cash_flow,SW,2023-12-31,1559000000.0,275000000.0,0.8236048749198204
operating_cash_flow,TKO,2023-12-31,266159000.0,468380000.0,0.759775171983664
operating_cash_flow,DOC,2023-12-31,956242000.0,273430000.0,0.714057738522257
operating_cash_flow,DOV,2024-12-31,748379000.0,1087830000.0,0.4535816745258753
operating_cash_flow,NWSA,2023-06-30,777000000.0,1092000000.0,0.40540540540540543
operating_cash_flow,NWS,2023-06-30,777000000.0,1092000000.0,0.40540540540540543
total_assets,COIN,2023-12-31,14753901000.0,206983000000.0,13.029035439508506
total_assets,SW,2023-12-31,14051000000.0,26746000000.0,0.9034944132090242
total_assets,HOOD,2023-12-31,17624000000.0,32332000000.0,0.8345438039037676
total_assets,DOC,2023-12-31,15698850000.0,5156000000.0,0.6715682995888234
total_assets,TKO,2024-12-31,15111782000.0,12700000000.0,0.15959613498924216
total_assets,GE,2023-12-31,173300000000.0,163045000000.0,0.059174841315637626
total_assets,LII,2024-12-31,3620000000.0,3472000000.0,0.04088397790055249
total_assets,PYPL,2024-12-31,78725000000.0,81611000000.0,0.03665925690695459
total_assets,XYZ,2023-12-31,33031308000.0,34070000000.0,0.03144568177560513
total_assets,MPWR,2024-12-31,3515822000.0,3617000000.0,0.028777907413970332
cash,UDR,2025-12-31,1222000.0,923000000.0,754.3191489361702
cash,UDR,2024-12-31,1326000.0,953000000.0,717.7028657616893
cash,UDR,2023-12-31,2922000.0,988000000.0,337.1245722108145
cash,HIG,2025-12-31,133000000.0,4530000000.0,33.06015037593985
cash,HIG,2023-12-31,126000000.0,4039000000.0,31.055555555555557
cash,CNP,2024-12-31,24000000.0,585000000.0,23.375
cash,HIG,2024-12-31,183000000.0,4302000000.0,22.508196721311474
cash,PGR,2023-12-31,85000000.0,1890000000.0,21.235294117647058
cash,IBKR,2024-12-31,3633000000.0,80023000000.0,21.02669969721993
cash,IBKR,2023-12-31,3753000000.0,79318000000.0,20.134559019451107
current_assets,COIN,2023-12-31,11356794000.0,203467000000.0,16.915883655193536
current_assets,ARES,2023-12-31,2770961000.0,16634000000.0,5.002971532259025
current_assets,UDR,2025-12-31,186911000.0,1073000000.0,4.74070011930812
current_assets,UDR,2023-12-31,263691000.0,1217000000.0,3.615250425687642
current_assets,UDR,2024-12-31,283276000.0,1201000000.0,3.2396814414210877
current_assets,VICI,2024-12-31,18980881000.0,675000000.0,0.9644378993788539
current_assets,VICI,2023-12-31,18763651000.0,673000000.0,0.9641327799158064
current_assets,EXR,2025-12-31,1894482000.0,139000000.0,0.9266290204921451
current_assets,KKR,2024-12-31,218748787000.0,17224000000.0,0.9212612776682506
current_assets,KKR,2025-12-31,243379872000.0,19459000000.0,0.9200467982824808
current_liabilities,COIN,2023-12-31,5485079000.0,197714000000.0,35.04578894852745
current_liabilities,INVH,2023-12-31,200590000.0,3506000000.0,16.47843860611197
current_liabilities,INVH,2025-12-31,375350000.0,4629000000.0,11.332489676302117
current_liabilities,KKR,2023-12-31,40628717000.0,207334000000.0,4.1031392401586295
current_liabilities,INVH,2024-12-31,817709000.0,4048000000.0,3.950416346157374
current_liabilities,KKR,2025-12-31,58248712000.0,271733000000.0,3.6650473576136755
current_liabilities,KKR,2024-12-31,53074454000.0,244486000000.0,3.606472258763133
current_liabilities,ARES,2023-12-31,3791183000.0,16299000000.0,3.2991857686637656
current_liabilities,ARES,2024-12-31,4332061000.0,14010000000.0,2.2340264830065872
current_liabilities,BLK,2025-12-31,1740000000.0,5570000000.0,2.2011494252873565
debt,PEG,2023-12-31,173000000.0,17784000000.0,101.79768786127168
debt,SW,2023-12-31,3747000000.0,8236000000.0,1.1980250867360556
debt,AIG,2023-12-31,10606000000.0,22387000000.0,1.1107863473505564
debt,PANW,2023-07-31,2270700000.0,0.0,1.0
debt,PLTR,2025-12-31,229338000.0,0.0,1.0
debt,MPWR,2023-12-31,5565000.0,0.0,1.0
debt,WSM,2026-01-31,1456905000.0,0.0,1.0
debt,FFIV,2023-09-30,280986000.0,0.0,1.0
debt,LULU,2025-01-31,1575791000.0,0.0,1.0
debt,UAL,2024-12-31,33633000000.0,0.0,1.0
equity,LYV,2023-12-31,-52305000.0,587000000.0,12.22263645922952
equity,LYV,2024-12-31,173263000.0,819000000.0,3.726918037896146
equity,WYNN,2023-12-31,-251382000.0,-1101000000.0,3.379788529011624
equity,WYNN,2024-12-31,-224161000.0,-969000000.0,3.3227858548097124
equity,IBKR,2023-12-31,3584000000.0,14067000000.0,2.9249441964285716
equity,IBKR,2024-12-31,4280000000.0,16597000000.0,2.877803738317757
equity,IBKR,2025-12-31,5363000000.0,20472000000.0,2.817266455342159
equity,CVNA,2023-12-31,243000000.0,-384000000.0,2.580246913580247
equity,LYV,2025-12-31,271007000.0,894000000.0,2.2988077798728446
equity,DVA,2024-12-31,121122000.0,396000000.0,2.2694308218160204
revenue_growth_yoy,NTRS,2023-12-31,0.0018192036916524,0.5630804953560371,308.52031261798163
revenue_growth_yoy,SNA,2024-12-31,1.957598418256268e-05,-0.0048625792811839,249.39513742125132
revenue_growth_yoy,MMM,2024-12-31,-0.00142218610321,-0.2480340258866007,173.40335363055928
revenue_growth_yoy,TFC,2023-12-31,0.0024533119711611,0.3111689540937057,125.8362759206837
revenue_growth_yoy,SATS,2023-12-31,-0.0868641532370024,7.516516516516516,87.53185734750971
revenue_growth_yoy,GPN,2025-12-31,-0.0038898806484513,-0.2374826835543241,60.05140620416577
revenue_growth_yoy,HBAN,2024-12-31,0.0033967391304348,0.1037187413490818,29.534797453169524
revenue_growth_yoy,FIS,2023-12-31,0.0114197530864197,-0.3239950440528634,29.371457911656275
revenue_growth_yoy,WFC,2024-12-31,-0.0036442001525479,0.0871943818276399,24.92689154756678
revenue_growth_yoy,DD,2025-12-31,0.019348117279357,-0.4470369772323591,24.104934230955596
gross_margin,F,2025-12-31,0.0089711481467637,0.0683569448968585,6.619642857142867
gross_margin,UPS,2025-12-31,0.1808010286371685,0.7968554381295045,3.407361197754212
gross_margin,UPS,2024-12-31,0.179598111342923,0.7705611068408916,3.29047444362925
gross_margin,UPS,2023-12-31,0.1895160403702808,0.7663317135381165,3.0436245504118804
gross_margin,EQT,2024-12-31,0.146915126827968,0.5439029015740565,2.702157247639625
gross_margin,JBHT,2024-12-31,0.1297060097604044,0.4600810788450401,2.5471068741911913
gross_margin,EQT,2023-12-31,0.1857164384410043,0.6504559270516718,2.502414393211074
gross_margin,JBHT,2025-12-31,0.1330620240058084,0.4623718643220268,2.474859696270992
gross_margin,JBHT,2023-12-31,0.1325665946850522,0.4439594699922057,2.348954320256559
gross_margin,FDX,2025-05-31,0.2160339376293701,0.709494347519505,2.284180047380891
operating_margin,WBD,2024-12-31,0.0004577706569008,-0.2551308461127641,558.3333333334459
operating_margin,INTC,2025-12-31,-0.0004351692429947,-0.0418897697387092,95.26086956522197
operating_margin,CNC,2025-12-31,-0.0016018318384614,-0.0391370644377929,23.43269230769257
operating_margin,IP,2025-12-31,-0.0004231192350004,0.0084623847000084,21.000000000000945
operating_margin,TKO,2024-12-31,0.0063358871931176,0.1009272467902995,14.929457661419919
operating_margin,DOW,2025-12-31,0.003953162530024,-0.0424839871897518,11.746835443038027
operating_margin,HAS,2023-12-31,0.0382547518637699,-0.307615430741555,9.041234506944738
operating_margin,STX,2023-06-30,0.0081256771397616,-0.0463163596966413,6.700000000000023
operating_margin,ALB,2025-12-31,0.013083510265845,-0.0713591289130857,6.454127177120915
operating_margin,TTWO,2025-03-31,-0.1312482249360977,-0.7793752218672346,4.9381772381813
net_margin,CRL,2024-12-31,0.0025424760412929,0.005432098765432,1.1365388216872512
net_margin,SW,2023-12-31,0.0682212850409327,-0.0047619047619047,1.069800865800865
net_margin,MCHP,2025-03-31,-0.0001135950563431,-0.0002271694684234,0.999818264425719
net_margin,IBKR,2024-12-31,0.0810433662516101,0.1456123432979749,0.7967213114754103
net_margin,IBKR,2023-12-31,0.0770514960832156,0.1382488479262673,0.7942396313364061
net_margin,TKO,2023-12-31,0.0692992673024898,0.1241791044776119,0.7919252152489985
net_margin,TKO,2024-12-31,0.0019261948785901,0.00320970042796,0.6663425199787555
net_margin,IBKR,2025-12-31,0.0962629622383095,0.1585817888799355,0.6473811442385172
net_margin,BK,2024-12-31,0.248110417351298,0.113494012126071,0.5425665180137297
net_margin,C,2024-12-31,0.1572044823482745,0.0742809958010506,0.5274880544659869
ebitda_margin,IP,2025-12-31,0.0027502750275027,0.1304053482271304,46.415384615385484
ebitda_margin,CVNA,2025-12-31,-0.0054128530656431,0.1065839976380277,20.690909090909244
ebitda_margin,SATS,2023-12-31,-0.0143047573173743,0.077574047954866,6.422954492254542
ebitda_margin,ARE,2025-12-31,0.1223866153963686,0.6504790221341262,4.31495229300562
ebitda_margin,STZ,2025-02-28,0.0765327612722481,0.3535116074052307,3.619088629870449
ebitda_margin,KHC,2025-12-31,-0.1415283457621682,0.2247213535402133,2.5878186968838532
ebitda_margin,TAP,2025-12-31,-0.1386255924170616,0.1831074409837537,2.320877608464001
ebitda_margin,XYZ,2023-12-31,0.0360648656896498,-0.0329439678773498,1.913464316236296
ebitda_margin,F,2025-12-31,0.0194268077130514,-0.0169490620344214,1.8724573941726208
ebitda_margin,WDC,2023-06-30,0.046203037569944,-0.0360448124695567,1.7801394532770842
cfo_margin,TKO,2023-12-31,0.0825351433082898,0.2796298507462686,2.3880095137386483
cfo_margin,DELL,2025-01-31,0.04730712484435,4.7296660981301074e-05,0.9990002211900022
cfo_margin,JCI,2025-09-30,0.0592897101203593,0.1082386845228004,0.8255897069335252
cfo_margin,IBKR,2024-12-31,0.9364534134821813,1.6825458052073288,0.7967213114754097
cfo_margin,IBKR,2023-12-31,0.5835366636702196,1.047004608294931,0.7942396313364055
cfo_margin,TKO,2024-12-31,0.1199948978766608,0.2080634807417974,0.7339360624787538
cfo_margin,IBKR,2025-12-31,1.5467618861279593,2.5481063658340046,0.6473811442385172
cfo_margin,DD,2024-12-31,0.1138562286054472,0.1873889875666074,0.645838702562138
cfo_margin,BK,2024-12-31,0.037627341439369,0.0172120058124968,0.5425665180137308
cfo_margin,SW,2023-12-31,0.1289175556106838,0.0595238095238095,0.5382800329881792
fcf_margin,TPL,2025-12-31,0.0402598378832107,0.6840977443609022,15.992064060103607
fcf_margin,ED,2025-12-31,0.0021279111006029,-0.0263033455491192,13.361111111111121
fcf_margin,FANG,2025-12-31,-0.0470895572375912,0.4595368028750166,10.758783684382832
fcf_margin,GM,2025-12-31,0.0095719899037396,0.0949307908917462,8.917560700169407
fcf_margin,NEE,2023-12-31,0.0623532759479263,-0.4912854805435014,8.879064460924129
fcf_margin,LLY,2024-12-31,0.0091912172812645,0.0834780099016495,8.08236714975852
fcf_margin,GM,2023-12-31,-0.0214150207748978,0.1338031447492464,7.248097826086977
fcf_margin,TPL,2024-12-31,0.0926563741901298,0.695,6.500833116714324
fcf_margin,DXCM,2023-12-31,0.141319051431411,0.9550800662617338,5.758324915061297
fcf_margin,LEN,2025-11-30,0.0008243792789373,0.005236200895077,5.351689117934818
capex_to_revenue,VRSK,2023-12-31,0.0857760871186693,1.057963446475196,11.33401384947214
capex_to_revenue,DXCM,2023-12-31,0.0653176158794136,0.7484262838210933,10.45826089554162
capex_to_revenue,WAT,2023-12-31,0.0543333549811663,0.4881562922868741,7.9844680575327045
capex_to_revenue,CCI,2024-12-31,0.0394618834080717,0.1860535931790499,3.7147671907872937
capex_to_revenue,CCI,2023-12-31,0.0513307984790874,0.2039822375017905,2.9738761824422935
capex_to_revenue,DOV,2024-12-31,0.0216285783889276,0.0776284533953008,2.5891611551798257
capex_to_revenue,NEE,2024-12-31,0.3439583080838686,0.9990304205550844,1.9045102184637073
capex_to_revenue,NEE,2025-12-31,0.3383189843864001,0.8976360717933751,1.6532240672848824
capex_to_revenue,NEE,2023-12-31,0.3396172725332574,0.8932560290246853,1.6301843317972353
capex_to_revenue,LNT,2023-12-31,0.1768065557486963,0.460392351626521,1.6039325842696628
debt_to_assets,PEG,2023-12-31,0.0034094716304369,0.350485800437516,101.79768786127241
debt_to_assets,AIG,2023-12-31,0.019666015212143,0.0415107564165798,1.1107863473505566
debt_to_assets,VRTX,2025-12-31,0.0791834028779784,0.0,1.0
debt_to_assets,MPWR,2024-12-31,0.0036901754411912,0.0,1.0
debt_to_assets,ULTA,2026-01-31,0.3117544426623599,0.0,1.0
debt_to_assets,HOOD,2025-12-31,0.3048483100401185,0.0,1.0
debt_to_assets,AXON,2023-12-31,0.2084560658974872,0.0,1.0
debt_to_assets,TSLA,2023-12-31,0.0897878407023204,0.0,1.0
debt_to_assets,TTD,2023-12-31,0.0482528335317847,0.0,1.0
debt_to_assets,PLTR,2023-12-31,0.0507232292409492,0.0,1.0
debt_to_equity,PEG,2023-12-31,0.0129143027769483,1.149059895328552,87.97575929376494
debt_to_equity,MAS,2024-12-31,11.478571428571428,55.56603773584906,3.840849584952625
debt_to_equity,HCA,2024-12-31,18.10204081632653,69.06846846846847,2.815507277288563
debt_to_equity,MAS,2025-12-31,17.28494623655914,38.75,1.2418351477449456
debt_to_equity,JBHT,2024-12-31,0.3680907110590222,0.0,1.0
debt_to_equity,INCY,2024-12-31,0.0126301329493785,0.0,1.0
debt_to_equity,PANW,2023-07-31,1.2987302676733012,0.0,1.0
debt_to_equity,GRMN,2024-12-31,0.0171864372831245,0.0,1.0
debt_to_equity,LULU,2026-01-31,0.3624544523805685,0.0,1.0
debt_to_equity,HOOD,2024-12-31,0.9361515303562468,0.0,1.0
cash_to_assets,UDR,2025-12-31,0.0001152213428396,0.0870262115783518,754.2959324515188
cash_to_assets,UDR,2024-12-31,0.0001216783239884,0.0874472380253257,717.6755632306566
cash_to_assets,UDR,2023-12-31,0.0002569188275427,0.0868724171282862,337.13176698328175
cash_to_assets,HIG,2025-12-31,0.0015465655778689,0.0526762561484702,33.06015037594189
cash_to_assets,HIG,2023-12-31,0.0016410523573847,0.0526048450117218,31.05555555555625
cash_to_assets,CNP,2024-12-31,0.0005483458234326,0.0133659294461707,23.37500000000196
cash_to_assets,HIG,2024-12-31,0.002261576677336,0.0531655894311454,22.508196721311805
cash_to_assets,PGR,2023-12-31,0.0009583836014928,0.0213099412567227,21.23529411764752
cash_to_assets,IBKR,2024-12-31,0.0241970934182307,0.5329821102689454,21.026699697219964
cash_to_assets,IBKR,2023-12-31,0.0292629297237448,0.6176307982215024,20.106252998322947
current_ratio,UDR,2025-12-31,0.2022933893242131,4.489539748953975,21.193210385924406
current_ratio,UDR,2023-12-31,0.310617911615174,5.156779661016949,15.601681577866339
current_ratio,UDR,2024-12-31,0.3898050396855976,5.61214953271028,13.397324204009351
current_ratio,DOC,2023-12-31,0.4073363934902117,2.5673076923076925,5.302672025718185
current_ratio,DOC,2025-12-31,0.7200019455478734,2.8164116828929067,2.911672322982135
current_ratio,AVB,2025-12-31,0.2288308326641767,0.7657266811279827,2.3462565870733583
current_ratio,HST,2025-12-31,0.7862648913805186,2.5943661971830987,2.299608345258718
current_ratio,HST,2023-12-31,1.0684462696783026,3.294117647058824,2.0830915325771566
current_ratio,HST,2024-12-31,0.6521116678596993,1.9059829059829057,1.9227860808541375
current_ratio,TPL,2023-12-31,13.67622853337139,37.130434782608695,1.7149615621007397
asset_turnover,BK,2024-12-31,0.0438826718966312,0.0959323565605291,1.1861101982692552
asset_turnover,C,2024-12-31,0.0342855442859905,0.0725716070711385,1.1166823681078952
asset_turnover,KEY,2024-12-31,0.0234869208411694,0.0493460420584715,1.1010009099181086
asset_turnover,BK,2025-12-31,0.0418356976497988,0.0863053144188016,1.0629586517536336
asset_turnover,WDC,2024-06-30,0.2611625599470812,0.5375806184885067,1.058413804020896
asset_turnover,GE,2023-12-31,0.2039699942296595,0.4167806433806618,1.0433429189167338
asset_turnover,C,2023-12-31,0.0323778502168888,0.0650210586632413,1.0081956716609088
asset_turnover,WDC,2023-06-30,0.2548276704962112,0.5042367677760039,0.9787363232341794
asset_turnover,BK,2023-12-31,0.0423151335644595,0.0824606723209733,0.9487276861683372
asset_turnover,COIN,2023-12-31,0.2106821104465863,0.0150157259291825,0.9287280448380102
trade_close,A,2023-10-31,130.56332397460938,130.56336975097656,3.5060663128032894e-07
trade_close,HWM,2023-12-31,65.72293090820312,65.72290802001953,3.482526308164574e-07
trade_close,PNR,2023-12-31,82.42729187011719,82.42731475830078,2.7767724832953997e-07
trade_close,CPB,2024-07-31,43.32055282592773,43.32056427001953,2.641723398583002e-07
trade_close,CEG,2023-12-31,183.49815368652344,183.49819946289065,2.4946500167038814e-07
trade_close,F,2023-12-31,11.602349281311035,11.602352142333984,2.465899689666524e-07
trade_close,TAP,2023-12-31,62.7426643371582,62.74264907836914,2.431963835724977e-07
trade_close,EFX,2023-12-31,256.84405517578125,256.843994140625,2.3763507474692459e-07
trade_close,APD,2023-09-30,258.1552734375,258.1552124023437,2.3642808258038617e-07
trade_close,DOC,2023-12-31,16.20400047302246,16.204004287719727,2.3541700532383786e-07
fwd_12m_return,VRSN,2024-12-31,0.0001136156453915,0.0001136765069666,0.0005356795262683986
fwd_12m_return,PPG,2024-12-31,-0.0006619564734787,-0.0006621005323184,0.0002176258492387972
fwd_12m_return,TPL,2024-12-31,0.0005579239417226,0.000557854379706,0.00012468010672772646
fwd_12m_return,IVZ,2023-12-31,-0.0013779476164671,-0.0013778204341525,9.229836684653464e-05
fwd_12m_return,GWW,2023-12-31,0.0032680135131031,0.0032677665130962,7.558108493419946e-05
fwd_12m_return,STE,2023-03-31,-0.0017465938801286,-0.0017466647618574,4.058283359769815e-05
fwd_12m_return,UNP,2023-12-31,0.0021383585875989,0.002138292809128,3.076119752864459e-05
fwd_12m_return,IBM,2024-12-31,0.0021077963186197,0.0021077328327314,3.0119555546739987e-05
fwd_12m_return,MSI,2024-12-31,0.0024316004471827,0.0024315298089656,2.90500921654801e-05
fwd_12m_return,TMO,2024-12-31,-0.0024924934962305,-0.0024924320944443,2.4634682615076797e-05
