symbol,fiscal_period_end,total_revenue,error,prior_revenue,revenue_growth_yoy,availability_date,trade_date,trade_close,reporting_lag_days,fwd_3m_return,fwd_3m_return_end_date,fwd_6m_return,fwd_6m_return_end_date,fwd_12m_return,fwd_12m_return_end_date
BOOT,2023-03-31,1657615000.0,,1488256000.0,0.11379695428743442,2023-06-29,2023-06-29,85.0,90,-0.03200001436121325,2023-09-28,-0.09129414277918202,2023-12-28,0.5309412339154411,2024-07-01
AI,2023-04-30,266795000.0,,252759000.0,0.05553115813878051,2023-07-29,2023-07-31,42.0,90,-0.4083333242507208,2023-10-27,-0.3921428407941546,2024-01-30,-0.36309523809523814,2024-07-31
MDT,2023-04-30,31227000000.0,,31686000000.0,-0.014485892823328905,2023-07-29,2023-07-31,80.23778533935547,90,-0.2021083725312537,2023-10-27,0.007834132537004379,2024-01-30,-0.053168002402222636,2024-07-31
NKE,2023-05-31,51217000000.0,,46710000000.0,0.09648897452365657,2023-08-29,2023-08-29,96.46327209472656,90,0.07217023207093787,2023-11-28,0.028099279052209214,2024-02-29,-0.170200355372514,2024-08-29
ORCL,2023-05-31,49954000000.0,,42440000000.0,0.17704995287464653,2023-08-29,2023-08-29,116.87008666992188,90,-0.033026630203318974,2023-11-28,-0.06736025103411614,2024-02-29,0.17135162193221798,2024-08-29
BILL,2023-06-30,1058468000.0,,641959000.0,0.6488093476374659,2023-09-28,2023-09-28,104.26000213623047,90,-0.20074812848965584,2023-12-28,-0.3813543192170511,2024-04-01,-0.4939574406243078,2024-09-30
EL,2023-06-30,15910000000.0,,17737000000.0,-0.10300501775948578,2023-09-28,2023-09-28,135.3203887939453,90,0.04492263899615234,2023-12-28,0.08145544885033384,2024-04-01,-0.28175111804813446,2024-09-30
KLAC,2023-06-30,10496056000.0,,9211883000.0,0.1394039633373545,2023-09-28,2023-09-28,448.3867492675781,90,0.28333665810529385,2023-12-28,0.5595647019340235,2024-04-01,0.7055116415682117,2024-09-30
LRCX,2023-06-30,17428516000.0,,17227039000.0,0.01169539350320159,2023-09-28,2023-09-28,61.31551742553711,90,0.261828867959333,2023-12-28,0.5721978325186898,2024-04-01,0.3132626102785985,2024-09-30
MSFT,2023-06-30,211915000000.0,,198270000000.0,0.06882029555656421,2023-09-28,2023-09-28,307.7041320800781,90,0.19895934174953922,2023-12-28,0.3589416046992273,2024-04-01,0.38225287317106504,2024-09-30
PG,2023-06-30,82006000000.0,,80187000000.0,0.02268447503959492,2023-09-28,2023-09-28,136.23703002929688,90,0.002116945532417258,2023-12-28,0.11120745752612726,2024-04-01,0.21353115833354797,2024-09-30
PH,2023-06-30,19065000000.0,,15861608000.0,0.20195884301263778,2023-09-28,2023-09-28,381.4530944824219,90,0.18141366963599603,2023-12-28,0.4132168162531886,2024-04-01,0.629752337201902,2024-09-30
TEAM,2023-06-30,3534647000.0,,2802882000.0,0.2610759211411682,2023-09-28,2023-09-28,196.94000244140625,90,0.22484004382233658,2023-12-28,-0.018127385396376705,2024-04-01,-0.19361229008899283,2024-09-30
CSCO,2023-07-31,56998000000.0,,51557000000.0,0.10553368116841555,2023-10-29,2023-10-30,48.168548583984375,90,-0.019382049522708944,2024-01-31,-0.07717395987169184,2024-05-01,0.11304008459268866,2024-10-30
INTU,2023-07-31,14368000000.0,,12726000000.0,0.1290271884331291,2023-10-29,2023-10-30,479.0565490722656,90,0.2969866652651898,2024-01-31,0.2656149856109722,2024-05-01,0.2816881427085771,2024-10-30
PANW,2023-07-31,6892700000.0,,5501500000.0,0.2528764882304826,2023-10-29,2023-10-30,119.2750015258789,90,0.4190316723331964,2024-01-31,0.20452732199524193,2024-05-01,0.5070635303560347,2024-10-30
ZS,2023-07-31,1616952000.0,,1090946000.0,0.4821558537269488,2023-10-29,2023-10-30,156.80999755859375,90,0.5029016123852987,2024-01-31,0.09884573841797462,2024-05-01,0.1911230258740646,2024-10-30
ACN,2023-08-31,64111745000.0,,61594305000.0,0.04087131107332076,2023-11-29,2023-11-29,320.7283935546875,90,0.1471206212056222,2024-03-01,-0.14676342492807548,2024-05-31,0.1045636439272637,2024-11-29
AZO,2023-08-31,17457209000.0,,16252230000.0,0.07414237923041944,2023-11-29,2023-11-29,2596.510009765625,90,0.1692579573411388,2024-03-01,0.06679347700888694,2024-05-31,0.22069240139328405,2024-11-29
COST,2023-08-31,242290000000.0,,226954000000.0,0.06757316460604357,2023-11-29,2023-11-29,566.8870849609375,90,0.3057689818923117,2024-03-01,0.41335738906131203,2024-05-31,0.7007213057708122,2024-11-29
MU,2023-08-31,15540000000.0,,30758000000.0,-0.4947655894401457,2023-11-29,2023-11-29,75.98062896728516,90,0.2423708443464776,2024-03-01,0.6336968026594816,2024-05-31,0.2827270752800526,2024-11-29
AAPL,2023-09-30,383285000000.0,,394328000000.0,-0.02800460530319937,2023-12-29,2023-12-29,190.3750762939453,90,-0.12192671279688305,2024-04-02,0.14709514852055738,2024-07-02,0.3070525593838169,2024-12-31
APD,2023-09-30,12600000000.0,,12698600000.0,-0.007764635471626757,2023-12-29,2023-12-29,258.1553039550781,90,-0.11760764835298898,2024-04-02,-0.07017119637205882,2024-07-02,0.08087801813710538,2024-12-31
EMR,2023-09-30,15165000000.0,,13804000000.0,0.09859461025789629,2023-12-29,2023-12-29,93.19213104248047,90,0.16955223215882853,2024-04-02,0.13343333159501625,2024-07-02,0.2973121551183602,2024-12-31
QCOM,2023-09-30,35820000000.0,,44200000000.0,-0.18959276018099547,2023-12-29,2023-12-29,137.84263610839844,90,0.18861059006570424,2024-04-02,0.39667521064286815,2024-07-02,0.0831044577194946,2024-12-31
SBUX,2023-09-30,35975600000.0,,32250300000.0,0.11551210376337595,2023-12-29,2023-12-29,90.0376968383789,90,-0.06429268136438826,2024-04-02,-0.18884861407791487,2024-07-02,-0.024788201353040495,2024-12-31
V,2023-09-30,32653000000.0,,29310000000.0,0.11405663596042315,2023-12-29,2023-12-29,255.4952392578125,90,0.07147768030551105,2024-04-02,0.03409838524961817,2024-07-02,0.22318320873647934,2024-12-31
AMAT,2023-10-31,26517000000.0,,25785000000.0,0.028388598022105915,2024-01-29,2024-01-29,165.31153869628906,90,0.2203696245944542,2024-04-29,0.1718468316500763,2024-07-30,0.08700742496416547,2025-01-30
AVGO,2023-10-31,35819000000.0,,33203000000.0,0.07878806131976024,2024-01-29,2024-01-29,118.83320617675781,90,0.10392004060682702,2024-04-29,0.18732492767904074,2024-07-30,0.7947953049447647,2025-01-30
DE,2023-10-31,60248000000.0,,51282000000.0,0.17483717483717487,2024-01-29,2024-01-29,385.3644104003906,90,0.011980720675731416,2024-04-29,-0.05801662878542202,2024-07-30,0.2251550786961376,2025-01-30
SNPS,2023-10-31,5318014000.0,,4615714000.0,0.15215414126611826,2024-01-29,2024-01-29,539.9000244140625,90,0.009001639436554854,2024-04-29,-0.025949266775510238,2024-07-30,-0.025078789498471643,2025-01-30
ADBE,2023-11-30,19409000000.0,,17606000000.0,0.10240826990798602,2024-02-28,2024-02-28,551.8200073242188,90,-0.13450038098581585,2024-05-29,0.01580220105720387,2024-08-28,-0.20133377664619445,2025-03-03
ABBV,2023-12-31,54318000000.0,,58054000000.0,-0.06435387742446685,2024-03-30,2024-04-01,167.3575439453125,90,-0.048677309074517505,2024-07-01,0.1128309918431385,2024-09-30,0.17650254231786744,2025-04-02
ABT,2023-12-31,40109000000.0,,43653000000.0,-0.08118571461297042,2024-03-30,2024-04-01,107.15580749511719,90,-0.07474514646575614,2024-07-01,0.027596477240574346,2024-09-30,0.20098687615903188,2025-04-02
AEP,2023-12-31,18982000000.0,,19639500000.0,-0.03347844904401842,2024-03-30,2024-04-01,78.22683715820312,90,0.04229242975075076,2024-07-01,0.23634046167164136,2024-09-30,0.32331966105120014,2025-04-02
AMD,2023-12-31,22680000000.0,,23601000000.0,-0.039023770179229644,2024-03-30,2024-04-01,183.33999633789062,90,-0.13990397299458945,2024-07-01,-0.10505069756486896,2024-09-30,-0.43842041485197714,2025-04-02
AMGN,2023-12-31,28190000000.0,,26323000000.0,0.07092656612088288,2024-03-30,2024-04-01,264.3163757324219,90,0.10662455971335816,2024-07-01,0.15445867906906718,2024-09-30,0.1129830914458052,2025-04-02
AMT,2023-12-31,10012200000.0,,9645400000.0,0.03802849026478938,2024-03-30,2024-04-01,178.57403564453125,90,0.02268242031036749,2024-07-01,0.22582711072724093,2024-09-30,0.16718792777390612,2025-04-02
AMZN,2023-12-31,574785000000.0,,513983000000.0,0.1182957412988368,2024-03-30,2024-04-01,180.97000122070312,90,0.08968334872112682,2024-07-01,0.029618171930135162,2024-09-30,0.08310765974848344,2025-04-02
ANET,2023-12-31,5860200000.0,,4381310000.0,0.33754516343285457,2024-03-30,2024-04-01,74.9375,90,0.1899917004404712,2024-07-01,0.28046708031432455,2024-09-30,0.06969145837677226,2025-04-02
AON,2023-12-31,13376000000.0,,12479000000.0,0.07188075967625607,2024-03-30,2024-04-01,324.6966247558594,90,-0.10738624235983507,2024-07-01,0.05445268499676548,2024-09-30,0.21138637995822984,2025-04-02
APH,2023-12-31,12554700000.0,,12623000000.0,-0.005410758139903327,2024-03-30,2024-04-01,56.11781311035156,90,0.18592805847726468,2024-07-01,0.1474693541164036,2024-09-30,0.20144928797246786,2025-04-02
AXP,2023-12-31,60515000000.0,,52862000000.0,0.1447731830048049,2024-03-30,2024-04-01,222.0419158935547,90,0.030422137175494912,2024-07-01,0.19876339178430835,2024-09-30,0.22271255689783875,2025-04-02
BA,2023-12-31,77794000000.0,,66608000000.0,0.16793778525102088,2024-03-30,2024-04-01,189.5,90,-0.014775741697930389,2024-07-01,-0.19767813569323056,2024-09-30,-0.11050133214462399,2025-04-02
BAC,2023-12-31,102769000000.0,,94950000000.0,0.08234860452869941,2024-03-30,2024-04-01,35.81013107299805,90,0.07285022462529867,2024-07-01,0.07093851542240981,2024-09-30,0.14295613561609266,2025-04-02
BL,2023-12-31,589996000.0,,522938000.0,0.12823317486967856,2024-03-30,2024-04-01,64.0,90,-0.24921876192092896,2024-07-01,-0.13843750953674316,2024-09-30,-0.22750002145767212,2025-04-02
BLK,2023-12-31,17859000000.0,,17873000000.0,-0.0007833044256699839,2024-03-30,2024-04-01,791.7700805664062,90,-0.04758493847033707,2024-07-01,0.16287119977620113,2024-09-30,0.19026713795584316,2025-04-02
BMY,2023-12-31,45006000000.0,,46159000000.0,-0.024978877358694973,2024-03-30,2024-04-01,47.55073928833008,90,-0.21154136964836578,2024-07-01,0.002787934769450162,2024-09-30,0.18094829412679725,2025-04-02
BROS,2023-12-31,965776000.0,,739012000.0,0.3068475207439121,2024-03-30,2024-04-01,32.939998626708984,90,0.2704918099233784,2024-07-01,-0.027625983161828294,2024-09-30,0.901943052149369,2025-04-02
BSX,2023-12-31,14240000000.0,,12682000000.0,0.12285128528623246,2024-03-30,2024-04-01,68.0999984741211,90,0.12202651063415515,2024-07-01,0.23054339103403843,2024-09-30,0.46916307332632545,2025-04-02
BX,2023-12-31,7006649000.0,,7132632000.0,-0.01766290480148147,2024-03-30,2024-04-01,122.3078384399414,90,-0.06084130173456859,2024-07-01,0.1834139233951837,2024-09-30,0.15681330820472894,2025-04-02
C,2023-12-31,78090000000.0,,74480000000.0,0.04846938775510212,2024-03-30,2024-04-01,59.50568771362305,90,0.008210174729129438,2024-07-01,0.004591494910045624,2024-09-30,0.16984646317447738,2025-04-02
CAT,2023-12-31,67060000000.0,,59427000000.0,0.1284433001834182,2024-03-30,2024-04-01,352.8076171875,90,-0.09199000069199359,2024-07-01,0.0835881599889281,2024-09-30,-0.06609040896823748,2025-04-02
CB,2023-12-31,49826000000.0,,43055000000.0,0.15726396469631876,2024-03-30,2024-04-01,252.45533752441406,90,-0.006588732137787656,2024-07-01,0.12784020079162706,2024-09-30,0.1869202334276403,2025-04-02
CDNS,2023-12-31,4089986000.0,,3561718000.0,0.1483183115563893,2024-03-30,2024-04-01,312.1300048828125,90,-0.0038765624456142955,2024-07-01,-0.13167592176518372,2024-09-30,-0.15118701087107433,2025-04-02
CELH,2023-12-31,1318014000.0,,653604000.0,1.0165329465547948,2024-03-30,2024-04-01,82.52999877929688,90,-0.2991639281703541,2024-07-01,-0.6200169505125644,2024-09-30,-0.5547073725485265,2025-04-02
CI,2023-12-31,195187000000.0,,180031000000.0,0.08418550138587233,2024-03-30,2024-04-01,350.51336669921875,90,-0.10016183712122861,2024-07-01,-0.040859781037544174,2024-09-30,-0.07266789730673706,2025-04-02
CL,2023-12-31,19457000000.0,,17967000000.0,0.08292981577336223,2024-03-30,2024-04-01,84.54302978515625,90,0.07898179840060982,2024-07-01,0.17835998983505785,2024-09-30,0.07325598688375945,2025-04-02
CME,2023-12-31,5578900000.0,,5019400000.0,0.11146750607642342,2024-03-30,2024-04-01,195.16986083984375,90,-0.07262421024354349,2024-07-01,0.052164971730917165,2024-09-30,0.2955940009938509,2025-04-02
CMG,2023-12-31,9871649000.0,,8634652000.0,0.1432596241284536,2024-03-30,2024-04-01,57.540000915527344,90,0.07420925251691113,2024-07-01,0.0013903026604893398,2024-09-30,-0.09593327024564025,2025-04-02
COIN,2023-12-31,3108383000.0,,3194208000.0,-0.02686894529097672,2024-03-30,2024-04-01,252.11000061035156,90,-0.07433265418981794,2024-07-01,-0.29328468629724913,2024-09-30,-0.27432471339762354,2025-04-02
COP,2023-12-31,56141000000.0,,78494000000.0,-0.28477335847325913,2024-03-30,2024-04-01,120.0191421508789,90,-0.10562998290843217,2024-07-01,-0.1706857521977575,2024-09-30,-0.1515564438427225,2025-04-02
CROX,2023-12-31,3962347000.0,,3554985000.0,0.11458895044564188,2024-03-30,2024-04-01,145.75,90,0.013722126929674117,2024-07-01,-0.006449416407590003,2024-09-30,-0.2347169748505843,2025-04-02
CSX,2023-12-31,14657000000.0,,14853000000.0,-0.013195987342624393,2024-03-30,2024-04-01,35.70658493041992,90,-0.08342924405895691,2024-07-01,-0.05443616084883052,2024-09-30,-0.17959247316342575,2025-04-02
CVX,2023-12-31,196913000000.0,,235717000000.0,-0.16462113466572204,2024-03-30,2024-04-01,145.91607666015625,90,-0.006157116212104574,2024-07-01,-0.054425418780945534,2024-09-30,0.09173119130091778,2025-04-02
DDOG,2023-12-31,2128359000.0,,1675100000.0,0.2705862336576921,2024-03-30,2024-04-01,123.1500015258789,90,0.05968329990297683,2024-07-01,-0.06569227663050503,2024-09-30,-0.17409664779338896,2025-04-02
DHR,2023-12-31,23890000000.0,,26643000000.0,-0.10332920466914386,2024-03-30,2024-04-01,244.93020629882812,90,-0.012177553768917049,2024-07-01,0.12429925068587555,2024-09-30,-0.16810626083916358,2025-04-02
DPZ,2023-12-31,4479358000.0,,4537158000.0,-0.012739252192672135,2024-03-30,2024-04-01,478.9837341308594,90,0.026071561754734907,2024-07-01,-0.12337439796617322,2024-09-30,-0.0384892610474995,2025-04-02
DUK,2023-12-31,29060000000.0,,28768000000.0,0.01015016685205783,2024-03-30,2024-04-01,88.56416320800781,90,0.04450072801470539,2024-07-01,0.22349224458882033,2024-09-30,0.3016174141875603,2025-04-02
DUOL,2023-12-31,531109000.0,,369495000.0,0.4373915749874828,2024-03-30,2024-04-01,218.2100067138672,90,-0.10531144438513851,2024-07-01,0.29242463835985744,2024-09-30,0.5469501268162598,2025-04-02
DXCM,2023-12-31,3622300000.0,,2909800000.0,0.2448621898412262,2024-03-30,2024-04-01,137.94000244140625,90,-0.18682038434360215,2024-07-01,-0.5139915925113572,2024-09-30,-0.5060171220557086,2025-04-02
ECL,2023-12-31,15320200000.0,,14187800000.0,0.07981505236893671,2024-03-30,2024-04-01,223.38746643066406,90,0.03563919504756896,2024-07-01,0.12537752082132148,2024-09-30,0.12385039509434503,2025-04-02
ELV,2023-12-31,171340000000.0,,156595000000.0,0.09416009451131901,2024-03-30,2024-04-01,498.0403747558594,90,0.03909248325361103,2024-07-01,0.013848832708417191,2024-09-30,-0.155982489232243,2025-04-02
ENPH,2023-12-31,2290786000.0,,2330853000.0,-0.01718984423299108,2024-03-30,2024-04-01,118.29000091552734,90,-0.17778340194886555,2024-07-01,-0.04455156168461205,2024-09-30,-0.47146842527788857,2025-04-02
EOG,2023-12-31,23182000000.0,,29492000000.0,-0.21395632713956325,2024-03-30,2024-04-01,120.73572540283203,90,-0.018211100827149385,2024-07-01,-0.039574793746606995,2024-09-30,0.030009277050412342,2025-04-02
EQIX,2023-12-31,8188000000.0,,7263000000.0,0.12735784111248805,2024-03-30,2024-04-01,766.1036987304688,90,-0.045345611795813534,2024-07-01,0.12119893469030796,2024-09-30,0.060828198695601854,2025-04-02
ETN,2023-12-31,23196000000.0,,20752000000.0,0.11777178103315333,2024-03-30,2024-04-01,303.4672546386719,90,0.004083159568846195,2024-07-01,0.06896721294165387,2024-09-30,-0.0786149256613149,2025-04-02
EXC,2023-12-31,21727000000.0,,19078000000.0,0.13885103260299814,2024-03-30,2024-04-01,34.56013107299805,90,-0.06269258987932425,2024-07-01,0.11134922217889254,2024-09-30,0.28443118233863673,2025-04-02
FCX,2023-12-31,22855000000.0,,22780000000.0,0.0032923617208078237,2024-03-30,2024-04-01,45.987030029296875,90,0.025851199446812467,2024-07-01,0.06095266251377818,2024-09-30,-0.18252866972857573,2025-04-02
GD,2023-12-31,42272000000.0,,39407000000.0,0.07270281929606415,2024-03-30,2024-04-01,279.0680236816406,90,-0.007764338371224366,2024-07-01,0.04684684270907735,2024-09-30,-0.03406276624607507,2025-04-02
GE,2023-12-31,35348000000.0,,29139000000.0,0.21308212361440004,2024-03-30,2024-04-01,138.04588317871094,90,0.1379089695727025,2024-07-01,0.3541453358719351,2024-09-30,0.4395082334150364,2025-04-02
GILD,2023-12-31,27116000000.0,,27281000000.0,-0.006048165389831772,2024-03-30,2024-04-01,68.42356872558594,90,-0.04662819981325572,2024-07-01,0.17537459800584587,2024-09-30,0.5929011528682775,2025-04-02
GOOGL,2023-12-31,307394000000.0,,282836000000.0,0.0868277022726951,2024-03-30,2024-04-01,154.2154083251953,90,0.17821098382541978,2024-07-01,0.0692692670704993,2024-09-30,0.01479697399566482,2025-04-02
GS,2023-12-31,46254000000.0,,47365000000.0,-0.02345613849889161,2024-03-30,2024-04-01,396.3731994628906,90,0.12806446573650532,2024-07-01,0.2117072236311337,2024-09-30,0.39179697632271737,2025-04-02
HCA,2023-12-31,64968000000.0,,60233000000.0,0.07861139242607873,2024-03-30,2024-04-01,325.29681396484375,90,-0.043557350624232716,2024-07-01,0.23565026531696276,2024-09-30,0.0596848243500574,2025-04-02
HON,2023-12-31,33009000000.0,,35466000000.0,-0.06927761800033838,2024-03-30,2024-04-01,181.53091430664062,90,0.04978418584477695,2024-07-01,0.034312643473334514,2024-09-30,0.09187984005796501,2025-04-02
IBM,2023-12-31,61860000000.0,,60530000000.0,0.02197257558235588,2024-03-30,2024-04-01,177.88990783691406,90,-0.06843916548645235,2024-07-01,0.18646912090064038,2024-09-30,0.36114790688402576,2025-04-02
ICE,2023-12-31,9903000000.0,,9636000000.0,0.027708592777085927,2024-03-30,2024-04-01,133.84860229492188,90,0.0025862122034649992,2024-07-01,0.17947760930297663,2024-09-30,0.25859443026153284,2025-04-02
INTC,2023-12-31,54228000000.0,,63054000000.0,-0.13997525930155108,2024-03-30,2024-04-01,44.060401916503906,90,-0.30446396027071465,2024-07-01,-0.46754913564042777,2024-09-30,-0.5011393771693404,2025-04-02
ISRG,2023-12-31,7124100000.0,,6222200000.0,0.1449487319597571,2024-03-30,2024-04-01,394.8699951171875,90,0.10476864696926369,2024-07-01,0.24413096737794748,2024-09-30,0.28409348409085644,2025-04-02
ITW,2023-12-31,16107000000.0,,15932000000.0,0.010984182776801354,2024-03-30,2024-04-01,252.6456298828125,90,-0.11475055479778695,2024-07-01,-0.00037216023980601864,2024-09-30,-0.02551037047881477,2025-04-02
JNJ,2023-12-31,85159000000.0,,79990000000.0,0.06462057757219641,2024-03-30,2024-04-01,148.73165893554688,90,-0.06436986818268653,2024-07-01,0.04328829033090065,2024-09-30,0.016250998483884338,2025-04-02
JPM,2023-12-31,154952000000.0,,127727000000.0,0.21314992131655797,2024-03-30,2024-04-01,189.6156005859375,90,0.03874721485633126,2024-07-01,0.07200735065481867,2024-09-30,0.2638957022038446,2025-04-02
KKR,2023-12-31,14322870000.0,,5565056000.0,1.5737153408698852,2024-03-30,2024-04-01,98.61258697509766,90,0.04689235083710308,2024-07-01,0.3100526724655559,2024-09-30,0.2160100280464381,2025-04-02
KMB,2023-12-31,17146000000.0,,20175000000.0,-0.15013630731102845,2024-03-30,2024-04-01,119.07691955566406,90,0.07964543028578941,2024-07-01,0.12384478124509446,2024-09-30,0.14896451419656387,2025-04-02
KO,2023-12-31,45754000000.0,,43004000000.0,0.06394753976374301,2024-03-30,2024-04-01,57.25801467895508,90,0.05093950004147274,2024-07-01,0.20161587278216397,2024-09-30,0.21066886433537446,2025-04-02
LIN,2023-12-31,32854000000.0,,33364000000.0,-0.015285936938017053,2024-03-30,2024-04-01,451.5525817871094,90,-0.07139146316943734,2024-07-01,0.03538599565099121,2024-09-30,0.026432579381237664,2025-04-02
LLY,2023-12-31,34124000000.0,,28541400000.0,0.19559657199716907,2024-03-30,2024-04-01,748.7977905273438,90,0.20429761149524928,2024-07-01,0.16848344877038013,2024-09-30,0.08281642538499412,2025-04-02
LMT,2023-12-31,67571000000.0,,65984000000.0,0.024051285160038738,2024-03-30,2024-04-01,429.48541259765625,90,0.037092089759828806,2024-07-01,0.30696922942025706,2024-09-30,0.026406382319866584,2025-04-02
MA,2023-12-31,25098000000.0,,22237000000.0,0.1286594414714215,2024-03-30,2024-04-01,472.1549072265625,90,-0.08399637735583687,2024-07-01,0.03515137311192418,2024-09-30,0.15069018196728812,2025-04-02
MCD,2023-12-31,25495000000.0,,23182000000.0,0.09977568803381942,2024-03-30,2024-04-01,267.3815002441406,90,-0.1020874486121588,2024-07-01,0.10010161435918286,2024-09-30,0.13895281398043746,2025-04-02
MDLZ,2023-12-31,36016000000.0,,31496000000.0,0.143510287020574,2024-03-30,2024-04-01,65.67108154296875,90,-0.05878725179027,2024-07-01,0.06960676794103837,2024-09-30,-0.025465110065012064,2025-04-02
META,2023-12-31,134902000000.0,,116609000000.0,0.15687468377226454,2024-03-30,2024-04-01,488.0414123535156,90,0.028149139005215096,2024-07-01,0.16730436531293713,2024-09-30,0.1927552414651672,2025-04-02
MMM,2023-12-31,24610000000.0,,26161000000.0,-0.05928672451358896,2024-03-30,2024-04-01,90.26274108886719,90,0.07752340097361854,2024-07-01,0.4719361591382849,2024-09-30,0.6073777199706734,2025-04-02
MRK,2023-12-31,60115000000.0,,59283000000.0,0.014034377477523119,2024-03-30,2024-04-01,122.75999450683594,90,-0.01774841119529802,2024-07-01,-0.12204235097230043,2024-09-30,-0.31928638433928114,2025-04-02
MRNA,2023-12-31,6754000000.0,,18875000000.0,-0.6421721854304636,2024-03-30,2024-04-01,105.5999984741211,90,0.09801135060297872,2024-07-01,-0.36714012503103954,2024-09-30,-0.737500002709302,2025-04-02
MS,2023-12-31,50667000000.0,,50210000000.0,0.009101772555267784,2024-03-30,2024-04-01,87.68756866455078,90,0.06999191273937133,2024-07-01,0.13492561155830063,2024-09-30,0.31754239503853743,2025-04-02
NEE,2023-12-31,28114000000.0,,20956000000.0,0.34157281924031313,2024-03-30,2024-04-01,59.86213302612305,90,0.1100153009409146,2024-07-01,0.35103440185020873,2024-09-30,0.14336817864382212,2025-04-02
NEM,2023-12-31,11812000000.0,,11915000000.0,-0.008644565673520788,2024-03-30,2024-04-01,35.15553665161133,90,0.15015278630328122,2024-07-01,0.4831907939104234,2024-09-30,0.3683393966435733,2025-04-02
NET,2023-12-31,1296745000.0,,975241000.0,0.32966620558405557,2024-03-30,2024-04-01,95.66000366210938,90,-0.12241277718563881,2024-07-01,-0.15440104230637086,2024-09-30,0.24973864180512462,2025-04-02
NFLX,2023-12-31,33723297000.0,,31615550000.0,0.0666680478435453,2024-03-30,2024-04-01,61.430999755859375,90,0.09653107272782369,2024-07-01,0.15457997159422554,2024-09-30,0.522879365872633,2025-04-02
NOC,2023-12-31,39290000000.0,,36602000000.0,0.07343860991202678,2024-03-30,2024-04-01,456.052490234375,90,-0.07303186953256202,2024-07-01,0.12974487029113102,2024-09-30,0.10531059839153412,2025-04-02
NOW,2023-12-31,8971000000.0,,7245000000.0,0.23823326432022074,2024-03-30,2024-04-01,153.6739959716797,90,0.026797061198098104,2024-07-01,0.16400959609594867,2024-09-30,0.07243908583096381,2025-04-02
NSC,2023-12-31,12156000000.0,,12745000000.0,-0.046214201647704956,2024-03-30,2024-04-01,240.5144500732422,90,-0.1455529963638048,2024-07-01,-0.0026182635779996577,2024-09-30,-0.03208765441458461,2025-04-02
NXPI,2023-12-31,13276000000.0,,13205000000.0,0.005376751230594445,2024-03-30,2024-04-01,237.49407958984375,90,0.08261050915383117,2024-07-01,-0.017639792624353556,2024-09-30,-0.199781077499105,2025-04-02
O,2023-12-31,4078993000.0,,3343681000.0,0.21991093049845367,2024-03-30,2024-04-01,47.64092254638672,90,-0.0060684060303078935,2024-07-01,0.21456111572769876,2024-09-30,0.12988232159068835,2025-04-02
OPEN,2023-12-31,6946000000.0,,15567000000.0,-0.5537997045031156,2024-03-30,2024-04-01,2.9100000858306885,90,-0.384879756337858,2024-07-01,-0.31271479690383575,2024-09-30,-0.6529209757136683,2025-04-02
ORLY,2023-12-31,15812250000.0,,14409860000.0,0.09732155621220473,2024-03-30,2024-04-01,75.35199737548828,90,-0.10082450964341039,2024-07-01,0.01886258310984923,2024-09-30,0.2536805157516242,2025-04-02
PEP,2023-12-31,91471000000.0,,86392000000.0,0.05879016575608853,2024-03-30,2024-04-01,160.96377563476562,90,-0.05090548588756272,2024-07-01,-0.0016421583172194776,2024-09-30,-0.10926064293583737,2025-04-02
PFE,2023-12-31,59554000000.0,,101175000000.0,-0.41137632814430447,2024-03-30,2024-04-01,23.924819946289062,90,0.03339037218969887,2024-07-01,0.07471242467012384,2024-09-30,-0.05309668054264938,2025-04-02
PGR,2023-12-31,62083000000.0,,49587000000.0,0.25200153265976977,2024-03-30,2024-04-01,193.1011962890625,90,-0.0018583841429686832,2024-07-01,0.20981771746998046,2024-09-30,0.36712703515110134,2025-04-02
PLD,2023-12-31,8023469000.0,,5973692000.0,0.34313402833624496,2024-03-30,2024-04-01,119.54751586914062,90,-0.11729721471215238,2024-07-01,0.0031006427076789578,2024-09-30,-0.09184029031997021,2025-04-02
PNC,2023-12-31,21509000000.0,,21114000000.0,0.018707966278298738,2024-03-30,2024-04-01,147.69557189941406,90,-0.013838493944393293,2024-07-01,0.17867875174197678,2024-09-30,0.1475370780578129,2025-04-02
PYPL,2023-12-31,29771000000.0,,27518000000.0,0.08187368268042738,2024-03-30,2024-04-01,64.68416595458984,90,-0.11102554609229254,2024-07-01,0.19990781152268688,2024-09-30,0.03260035080216128,2025-04-02
REGN,2023-12-31,13117200000.0,,12172900000.0,0.07757395526127708,2024-03-30,2024-04-01,962.8055419921875,90,0.09048707777550824,2024-07-01,0.08452407622732383,2024-09-30,-0.35376300365283286,2025-04-02
RTX,2023-12-31,68920000000.0,,67074000000.0,0.027521841548140857,2024-03-30,2024-04-01,94.07389831542969,90,0.024436407613215305,2024-07-01,0.2534897741802533,2024-09-30,0.3918806233736405,2025-04-02
RUN,2023-12-31,2259813000.0,,2321422000.0,-0.026539336665199142,2024-03-30,2024-04-01,12.739999771118164,90,-0.14324959513754842,2024-07-01,0.41758240113039613,2024-09-30,-0.46781787035987654,2025-04-02
SCHW,2023-12-31,18837000000.0,,20762000000.0,-0.09271746459878627,2024-03-30,2024-04-01,70.2440414428711,90,0.01783930904080111,2024-07-01,-0.09793106938863105,2024-09-30,0.10126374127066207,2025-04-02
SEDG,2023-12-31,2976528000.0,,3110279000.0,-0.04300289459562956,2024-03-30,2024-04-01,70.95999908447266,90,-0.6622040639428424,2024-07-01,-0.6771420498450198,2024-09-30,-0.7628241242834406,2025-04-02
SHAK,2023-12-31,1087533000.0,,900486000.0,0.20771783237052,2024-03-30,2024-04-01,106.44999694824219,90,-0.18675432431514272,2024-07-01,-0.030436805605028594,2024-09-30,-0.1008924205887155,2025-04-02
SHOP,2023-12-31,7060000000.0,,5600000000.0,0.2607142857142857,2024-03-30,2024-04-01,78.19000244140625,90,-0.17342377240811357,2024-07-01,0.024939210734818307,2024-09-30,0.2872489881465812,2025-04-02
SHW,2023-12-31,23051900000.0,,22148900000.0,0.04076951902803305,2024-03-30,2024-04-01,332.396728515625,90,-0.12331453906986212,2024-07-01,0.13349671354398862,2024-09-30,0.05454813708733841,2025-04-02
SLB,2023-12-31,33135000000.0,,28091000000.0,0.17955928945213762,2024-03-30,2024-04-01,52.19977569580078,90,-0.15108721531603153,2024-07-01,-0.23046417172700862,2024-09-30,-0.21573221528606923,2025-04-02
SO,2023-12-31,25253000000.0,,29279000000.0,-0.1375046961986407,2024-03-30,2024-04-01,66.53560638427734,90,0.09289452817953991,2024-07-01,0.29060097202657276,2024-09-30,0.3285949761236011,2025-04-02
SRE,2023-12-31,16720000000.0,,14439000000.0,0.1579749290117045,2024-03-30,2024-04-01,67.09452056884766,90,0.05921712380630306,2024-07-01,0.19046286461335415,2024-09-30,0.05350063729409338,2025-04-02
SYK,2023-12-31,20498000000.0,,18449000000.0,0.11106293024012137,2024-03-30,2024-04-01,348.0629577636719,90,-0.048996490850284236,2024-07-01,0.02325150344220739,2024-09-30,0.07409730558361027,2025-04-02
TMO,2023-12-31,42857000000.0,,44915000000.0,-0.04581988199933207,2024-03-30,2024-04-01,573.6640014648438,90,-0.06123613682478746,2024-07-01,0.0726208600123992,2024-09-30,-0.15060553291759016,2025-04-02
TRV,2023-12-31,41373000000.0,,36896000000.0,0.12134106678230694,2024-03-30,2024-04-01,220.68838500976562,90,-0.10599691599978267,2024-07-01,0.03571719460799172,2024-09-30,0.17977431291387402,2025-04-02
TSLA,2023-12-31,96773000000.0,,81462000000.0,0.18795266504627928,2024-03-30,2024-04-01,175.22000122070312,90,0.19769432227098704,2024-07-01,0.49315148419197485,2024-09-30,0.6137427679244616,2025-04-02
TXN,2023-12-31,17519000000.0,,20028000000.0,-0.12527461553824648,2024-03-30,2024-04-01,162.4736328125,90,0.13185085245202055,2024-07-01,0.20929346258106785,2024-09-30,0.057784973373083304,2025-04-02
UBER,2023-12-31,37281000000.0,,31877000000.0,0.16952661793769797,2024-03-30,2024-04-01,76.4000015258789,90,-0.06937176630765574,2024-07-01,-0.016230338206858597,2024-09-30,-0.024869129423188863,2025-04-02
UNH,2023-12-31,371622000000.0,,324162000000.0,0.14640827734281014,2024-03-30,2024-04-01,468.7732849121094,90,0.014393425639077861,2024-07-01,0.20327225932722226,2024-09-30,0.08549549263926548,2025-04-02
UNP,2023-12-31,24119000000.0,,24875000000.0,-0.030391959798995005,2024-03-30,2024-04-01,232.46841430664062,90,-0.07052021489919624,2024-07-01,0.024268709324879234,2024-09-30,0.002138358587598921,2025-04-02
UPS,2023-12-31,90958000000.0,,100338000000.0,-0.09348402399888378,2024-03-30,2024-04-01,131.41543579101562,90,-0.06880272749587169,2024-07-01,-0.05424111999825365,2024-09-30,-0.21508388677682821,2025-04-02
UPST,2023-12-31,508119000.0,,837760000.0,-0.39347903934301,2024-03-30,2024-04-01,26.43000030517578,90,-0.13356037252690567,2024-07-01,0.5138099833354166,2024-09-30,0.8021188239936516,2025-04-02
URI,2023-12-31,14332000000.0,,11642000000.0,0.23105995533413504,2024-03-30,2024-04-01,696.218017578125,90,-0.09544171582724603,2024-07-01,0.1456057578104919,2024-09-30,-0.08189703086815658,2025-04-02
USB,2023-12-31,28013000000.0,,24184000000.0,0.15832782004631163,2024-03-30,2024-04-01,40.27383804321289,90,-0.09600394788750599,2024-07-01,0.06522112858623852,2024-09-30,0.024473966248782286,2025-04-02
VRTX,2023-12-31,9869200000.0,,8930700000.0,0.10508694727177037,2024-03-30,2024-04-01,420.4800109863281,90,0.12074293114333723,2024-07-01,0.10606919335194664,2024-09-30,0.14985249619891117,2025-04-02
WFC,2023-12-31,82597000000.0,,74368000000.0,0.11065243115318424,2024-03-30,2024-04-01,54.73518371582031,90,0.05777335609994072,2024-07-01,-0.00626992368540269,2024-09-30,0.28478043001010556,2025-04-02
WING,2023-12-31,460055000.0,,357521000.0,0.2867915451120353,2024-03-30,2024-04-01,364.059814453125,90,0.15519360724898057,2024-07-01,0.13269327362259253,2024-09-30,-0.3563257239692621,2025-04-02
WM,2023-12-31,20426000000.0,,19698000000.0,0.03695806680881297,2024-03-30,2024-04-01,206.73731994628906,90,-0.013018187599331266,2024-07-01,-0.017771250560107532,2024-09-30,0.11764454502290511,2025-04-02
XOM,2023-12-31,334697000000.0,,398675000000.0,-0.16047657866683385,2024-03-30,2024-04-01,108.67317962646484,90,-0.009370464541202606,2024-07-01,0.018236576761980983,2024-09-30,0.04859874090240446,2025-04-02
YUM,2023-12-31,7076000000.0,,6842000000.0,0.034200526161940914,2024-03-30,2024-04-01,135.1665496826172,90,-0.0721337393567032,2024-07-01,0.004464187440557099,2024-09-30,0.14853049831936804,2025-04-02
ZTS,2023-12-31,8544000000.0,,8080000000.0,0.05742574257425748,2024-03-30,2024-04-01,162.1822967529297,90,0.036235770825604696,2024-07-01,0.17592604004655654,2024-09-30,-0.010635088000230275,2025-04-02
ADSK,2024-01-31,5497000000.0,,5005000000.0,0.09830169830169821,2024-04-30,2024-04-30,212.85000610351562,90,0.1628846472857708,2024-07-31,0.3608644367209397,2024-10-29,0.3154333202048729,2025-05-02
ASAN,2024-01-31,652504000.0,,547212000.0,0.1924153710079457,2024-04-30,2024-04-30,14.869999885559082,90,-0.021519818243911693,2024-07-31,-0.1815736267682979,2024-10-29,0.09414933308534801,2025-05-02
CHWY,2024-01-31,11147700000.0,,10119000000.0,0.10166024310702637,2024-04-30,2024-04-30,14.989999771118164,90,0.6130754285776816,2024-07-31,0.7805204097122347,2024-10-29,1.4456304474431283,2025-05-02
CRM,2024-01-31,34857000000.0,,31352000000.0,0.11179510079101806,2024-04-30,2024-04-30,265.3949279785156,90,-0.03620587731032199,2024-07-31,0.11484039312083394,2024-10-29,0.02881528474628925,2025-05-02
CRWD,2024-01-31,3055555000.0,,2241236000.0,0.3633347849133246,2024-04-30,2024-04-30,292.5400085449219,90,-0.2070827923072004,2024-07-31,0.06289735885359726,2024-10-29,0.5060503647473267,2025-05-02
FIVE,2024-01-31,3559369000.0,,3076308000.0,0.15702621454028654,2024-04-30,2024-04-30,146.33999633789062,90,-0.5029383648758807,2024-07-31,-0.38130379129929937,2024-10-29,-0.4238759076915185,2025-05-02
GTLB,2024-01-31,579906000.0,,424336000.0,0.3666198484220051,2024-04-30,2024-04-30,52.470001220703125,90,-0.02363258337370744,2024-07-31,0.04307219876033619,2024-10-29,-0.11282641215770961,2025-05-02
HD,2024-01-31,152669000000.0,,157403000000.0,-0.030075665648049865,2024-04-30,2024-04-30,318.0711364746094,90,0.10920767508542761,2024-07-31,0.19751289391132976,2024-10-29,0.11777870205530228,2025-05-02
LOW,2024-01-31,86377000000.0,,97059000000.0,-0.11005676959375221,2024-04-30,2024-04-30,219.45106506347656,90,0.0820670639471921,2024-07-31,0.16393784011828716,2024-10-29,0.01529459332517269,2025-05-02
LULU,2024-01-31,9619278000.0,,8110518000.0,0.18602510961691965,2024-04-30,2024-04-30,360.6000061035156,90,-0.2826955094730166,2024-07-31,-0.15468662738537053,2024-10-29,-0.23083754670835432,2025-05-02
MDB,2024-01-31,1683011000.0,,1284040000.0,0.31071539827419703,2024-04-30,2024-04-30,365.17999267578125,90,-0.308943519163699,2024-07-31,-0.24637166061992188,2024-10-29,-0.5299852050163218,2025-05-02
MRVL,2024-01-31,5507700000.0,,5919600000.0,-0.06958240421650108,2024-04-30,2024-04-30,65.51558685302734,90,0.01707995531519435,2024-07-31,0.2898034168993855,2024-10-29,-0.05118839434096489,2025-05-02
NCNO,2024-01-31,476543000.0,,408315000.0,0.16709648188285997,2024-04-30,2024-04-30,29.15999984741211,90,0.12345673844167004,2024-07-31,0.3175582431409034,2024-10-29,-0.21262005471134082,2025-05-02
NVDA,2024-01-31,60922000000.0,,26974000000.0,1.2585452658115224,2024-04-30,2024-04-30,86.35326385498047,90,0.35447804677211936,2024-07-31,0.6350742744507993,2024-10-29,0.32563640307302344,2025-05-02
PATH,2024-01-31,1308072000.0,,1058581000.0,0.2356843737040435,2024-04-30,2024-04-30,18.969999313354492,90,-0.35846070022119014,2024-07-31,-0.3305218624691991,2024-10-29,-0.36900365312073713,2025-05-02
ROST,2024-01-31,20376941000.0,,18695829000.0,0.08991909371871132,2024-04-30,2024-04-30,126.92061614990234,90,0.10841399952235364,2024-07-31,0.07838852244556138,2024-10-29,0.09597848343256654,2025-05-02
S,2024-01-31,621154000.0,,422179000.0,0.47130482567820753,2024-04-30,2024-04-30,21.1299991607666,90,0.08376718069398437,2024-07-31,0.2560341679902114,2024-10-29,-0.1064836767328281,2025-05-02
SNOW,2024-01-31,2806489000.0,,2065659000.0,0.3586409954401961,2024-04-30,2024-04-30,155.1999969482422,90,-0.1599226324321832,2024-07-31,-0.23717782398455556,2024-10-29,0.08028354999273923,2025-05-02
TGT,2024-01-31,107412000000.0,,109120000000.0,-0.015652492668621676,2024-04-30,2024-04-30,147.92861938476562,90,-0.059228646727834455,2024-07-31,-0.06750424203039818,2024-10-29,-0.3765047732512262,2025-05-02
TJX,2024-01-31,54217000000.0,,49936000000.0,0.08572973405959639,2024-04-30,2024-04-30,91.42337799072266,90,0.20575554877746005,2024-07-31,0.22158399638823023,2024-10-29,0.3917250581968106,2025-05-02
ULTA,2024-01-31,11207303000.0,,10208580000.0,0.09783172586197098,2024-04-30,2024-04-30,404.8399963378906,90,-0.0986809160429637,2024-07-31,-0.061752791784768,2024-10-29,-0.02230510537738517,2025-05-02
WDAY,2024-01-31,7259000000.0,,6216000000.0,0.1677927927927927,2024-04-30,2024-04-30,244.72999572753906,90,-0.07195685415676223,2024-07-31,-0.024925391048172818,2024-10-29,0.01614022399052284,2025-05-02
WMT,2024-01-31,648125000000.0,,611289000000.0,0.0602595499019285,2024-04-30,2024-04-30,58.058658599853516,90,0.16053249042739193,2024-07-31,0.3852819586997902,2024-10-29,0.682695007250129,2025-05-02
BOOT,2024-03-31,1667009000.0,,1657615000.0,0.0056671784461410635,2024-06-29,2024-07-01,130.1300048828125,90,0.2854836894069088,2024-09-30,0.17812949977720982,2024-12-30,0.2674247789685984,2025-07-03
AI,2024-04-30,310582000.0,,266795000.0,0.16412226615941083,2024-07-29,2024-07-29,27.399999618530273,90,-0.0773722248686105,2024-10-25,0.15510949121056838,2025-01-29,-0.14014599292150887,2025-07-31
MDT,2024-04-30,32364000000.0,,31227000000.0,0.03641079834758387,2024-07-29,2024-07-29,75.66902160644531,90,0.14130654188457648,2024-10-25,0.1616020826590603,2025-01-29,0.165428424222809,2025-07-31
NKE,2024-05-31,51362000000.0,,51217000000.0,0.0028310912392370824,2024-08-29,2024-08-29,80.0451889038086,90,-0.05489500588227836,2024-11-27,-0.05769408015854083,2025-03-04,-0.0783185119108154,2025-09-03
ORCL,2024-05-31,52961000000.0,,49954000000.0,0.060195379749369504,2024-08-29,2024-08-29,136.89596557617188,90,0.313375720355334,2024-11-27,0.13478700710931157,2025-03-04,0.6194816228161399,2025-09-03
BILL,2024-06-30,1290172000.0,,1058468000.0,0.21890505900981427,2024-09-28,2024-09-30,52.7599983215332,90,0.6207354976607504,2024-12-30,-0.11429111014273519,2025-04-02,0.031463227828318674,2025-10-02
EL,2024-06-30,15608000000.0,,15910000000.0,-0.018981772470144542,2024-09-28,2024-09-30,97.19371795654297,90,-0.2522544473335623,2024-12-30,-0.3036421331501742,2025-04-02,-0.09292700780061813,2025-10-02
KLAC,2024-06-30,9812247000.0,,10496056000.0,-0.06514913792380683,2024-09-28,2024-09-30,764.7288208007812,90,-0.17950707129526688,2024-12-30,-0.10945361187684854,2025-04-02,0.48533140314033085,2025-10-02
LRCX,2024-06-30,14905386000.0,,17428516000.0,-0.1447702145151084,2024-09-28,2024-09-30,80.52337646484375,90,-0.11318071394191598,2024-12-30,-0.09040898737583325,2025-04-02,0.8202515358581666,2025-10-02
MSFT,2024-06-30,245122000000.0,,211915000000.0,0.1566996201307127,2024-09-28,2024-09-30,425.3249206542969,90,-0.01073577494572564,2024-12-30,-0.1083599703724899,2025-04-02,0.2075573828516184,2025-10-02
PG,2024-06-30,84039000000.0,,82006000000.0,0.024790868960807844,2024-09-28,2024-09-30,165.327880859375,90,-0.029604903696637375,2024-12-30,-0.009605970616509918,2025-04-02,-0.09991547705716175,2025-10-02
PH,2024-06-30,19930000000.0,,19065000000.0,0.04537109887227908,2024-09-28,2024-09-30,621.674072265625,90,0.010301204417099363,2024-12-30,0.00022031301727909458,2025-04-02,0.21187917185868388,2025-10-02
TEAM,2024-06-30,4358603000.0,,3534647000.0,0.23310842638600127,2024-09-28,2024-09-30,158.80999755859375,90,0.5559474208312787,2024-12-30,0.4102387139149475,2025-04-02,-0.04886338786053346,2025-10-02
CSCO,2024-07-31,53803000000.0,,56998000000.0,-0.0560545984069617,2024-10-29,2024-10-29,53.7003288269043,90,0.09577843464678648,2025-01-31,0.07997680507776428,2025-05-02,0.3468994124478706,2025-10-31
INTU,2024-07-31,16285000000.0,,14368000000.0,0.13342149220489974,2024-10-29,2024-10-29,616.5614624023438,90,-0.03397324600318974,2025-01-31,0.01625174982178823,2025-05-02,0.07737832966053482,2025-10-31
PANW,2024-07-31,8027500000.0,,6892700000.0,0.16463795029523998,2024-10-29,2024-10-29,182.69500732421875,90,0.009441915627531827,2025-01-31,0.0273953278599528,2025-05-02,0.20550642690698306,2025-10-31
ZS,2024-07-31,2167771000.0,,1616952000.0,0.34065266006659445,2024-10-29,2024-10-29,189.85000610351562,90,0.06710555609583979,2025-01-31,0.2139583556033149,2025-05-02,0.7442191414409729,2025-10-31
ACN,2024-08-31,64896464000.0,,64111745000.0,0.012239863382286664,2024-11-29,2024-11-29,354.2649230957031,90,-0.03485378410211848,2025-03-05,-0.11880050855606206,2025-06-04,-0.2362901732886088,2025-12-03
AZO,2024-08-31,18490268000.0,,17457209000.0,0.059176641581137,2024-11-29,2024-11-29,3169.5400390625,90,0.12189145396133672,2025-03-05,0.172737997707056,2025-06-04,0.2061434387198211,2025-12-03
COST,2024-08-31,254453000000.0,,242290000000.0,0.05020017334599025,2024-11-29,2024-11-29,964.116943359375,90,0.07925631225748742,2025-03-05,0.08472627280215894,2025-06-04,-0.0461039983813718,2025-12-03
MU,2024-08-31,25111000000.0,,15540000000.0,0.6158944658944658,2024-11-29,2024-11-29,97.46240997314453,90,-0.035604108874545015,2025-03-05,0.05685308330371064,2025-06-04,1.4005887310852096,2025-12-03
AAPL,2024-09-30,391035000000.0,,383285000000.0,0.02021994077514111,2024-12-29,2024-12-30,250.5989227294922,90,-0.1112762022573972,2025-04-02,-0.15120891716262508,2025-07-03,0.07944364973780171,2026-01-02
APD,2024-09-30,12100600000.0,,12600000000.0,-0.03963492063492069,2024-12-29,2024-12-30,277.735595703125,90,0.03426969378650768,2025-04-02,0.029865155304345636,2025-07-03,-0.10379019958597224,2026-01-02
EMR,2024-09-30,17492000000.0,,15165000000.0,0.153445433564128,2024-12-29,2024-12-30,121.22122955322266,90,-0.09856760546121146,2025-04-02,0.13447908196946656,2025-07-03,0.11164903328520892,2026-01-02
QCOM,2024-09-30,38962000000.0,,35820000000.0,0.08771635957565604,2024-12-29,2024-12-30,150.23095703125,90,0.0021400561635243065,2025-04-02,0.061355318796254554,2025-07-03,0.14408154111670513,2026-01-02
SBUX,2024-09-30,36176200000.0,,35975600000.0,0.005576001512135997,2024-12-29,2024-12-30,87.16110229492188,90,0.10343957396375125,2025-04-02,0.055652735640796314,2025-07-03,-0.04836227436412299,2026-01-02
V,2024-09-30,35926000000.0,,32653000000.0,0.10023581294214923,2024-12-29,2024-12-30,311.79559326171875,90,0.10022758330839099,2025-04-02,0.14192655750002103,2025-07-03,0.10665995361810676,2026-01-02
AMAT,2024-10-31,27176000000.0,,26517000000.0,0.024851981747558094,2025-01-29,2025-01-29,173.32662963867188,90,-0.13819521805095358,2025-04-30,0.03256463036706858,2025-07-31,0.8572940507612641,2026-01-30
AVGO,2024-10-31,51574000000.0,,35819000000.0,0.43985035874815037,2025-01-29,2025-01-29,204.073974609375,90,-0.06444194909120493,2025-04-30,0.43097691434368524,2025-07-31,0.6200325223385457,2026-01-30
DE,2024-10-31,50518000000.0,,60248000000.0,-0.16149913690080997,2025-01-29,2025-01-29,470.33111572265625,90,-0.02714664922549659,2025-04-30,0.10395651127284844,2025-07-31,0.11933951949835864,2026-01-30
SNPS,2024-10-31,6127436000.0,,5318014000.0,0.15220381142283568,2025-01-29,2025-01-29,512.7100219726562,90,-0.10473759026675544,2025-04-30,0.23553264721809763,2025-07-31,-0.09282055121989952,2026-01-30
ADBE,2024-11-30,21505000000.0,,19409000000.0,0.10799113813179462,2025-02-28,2025-02-28,438.55999755859375,90,-0.05351605561692252,2025-05-30,-0.18665629744451462,2025-08-29,-0.38209140883130954,2026-03-03
ABBV,2024-12-31,56334000000.0,,54318000000.0,0.037114768584999513,2025-03-31,2025-03-31,201.0515899658203,90,-0.08483311130282156,2025-07-01,0.12494303139536478,2025-09-30,0.06047988189540221,2026-04-01
ABT,2024-12-31,41950000000.0,,40109000000.0,0.045899922710613605,2025-03-31,2025-03-31,129.39505004882812,90,0.03197274916586412,2025-07-01,0.018955702300250232,2025-09-30,-0.2137125275676961,2026-04-01
AEP,2024-12-31,19721000000.0,,18982000000.0,0.03893161942893264,2025-03-31,2025-03-31,104.97942352294922,90,-0.03613836852881458,2025-07-01,0.047307593106123313,2025-09-30,0.24520251400758863,2026-04-01
AMD,2024-12-31,25785000000.0,,22680000000.0,0.13690476190476186,2025-03-31,2025-03-31,102.73999786376953,90,0.32480050068552413,2025-07-01,0.5747517680568963,2025-09-30,1.0460386517877875,2026-04-01
AMGN,2024-12-31,33424000000.0,,28190000000.0,0.18566867683575738,2025-03-31,2025-03-31,299.8092041015625,90,-0.05926040609323069,2025-07-01,-0.0787885117365903,2025-09-30,0.16951780449561626,2026-04-01
AMT,2024-12-31,10127200000.0,,10012200000.0,0.011485987095743111,2025-03-31,2025-03-31,208.14251708984375,90,0.048244871938858847,2025-07-01,-0.09397442735880845,2025-09-30,-0.18647980899693184,2026-04-01
AMZN,2024-12-31,637959000000.0,,574785000000.0,0.1099089224666614,2025-03-31,2025-03-31,190.25999450683594,90,0.15873022747273424,2025-07-01,0.15405242123209306,2025-09-30,0.10674873017855102,2026-04-01
ANET,2024-12-31,7003100000.0,,5860200000.0,0.19502747346506943,2025-03-31,2025-03-31,77.4800033569336,90,0.2765874984084915,2025-07-01,0.8806143572634186,2025-09-30,0.611383493350719,2026-04-01
AON,2024-12-31,15698000000.0,,13376000000.0,0.17359449760765555,2025-03-31,2025-03-31,396.3722229003906,90,-0.10375833681402336,2025-07-01,-0.10275805386760806,2025-09-30,-0.19143045773800704,2026-04-01
APH,2024-12-31,15222700000.0,,12554700000.0,0.21251005599496597,2025-03-31,2025-03-31,65.12893676757812,90,0.4874584435453073,2025-07-01,0.892679503969974,2025-09-30,0.9607259581706022,2026-04-01
AXP,2024-12-31,65949000000.0,,60515000000.0,0.0897959183673469,2025-03-31,2025-03-31,265.3780212402344,90,0.2027533183140069,2025-07-01,0.24179202928458188,2025-09-30,0.13234709156848168,2026-04-01
BA,2024-12-31,66517000000.0,,77794000000.0,-0.1449597655346171,2025-03-31,2025-03-31,170.5500030517578,90,0.2300790942962727,2025-07-01,0.26549397812414854,2025-09-30,0.21559662043103067,2026-04-01
BAC,2024-12-31,105856000000.0,,102769000000.0,0.030038241103834906,2025-03-31,2025-03-31,40.81204605102539,90,0.1606458507362576,2025-07-01,0.2504833094097161,2025-09-30,0.20724161675608466,2026-04-01
BL,2024-12-31,653336000.0,,589996000.0,0.10735666004515276,2025-03-31,2025-03-31,48.41999816894531,90,0.18649324525967526,2025-07-01,0.0966542850507035,2025-09-30,-0.2467987897592786,2026-04-01
BLK,2024-12-31,20407000000.0,,17859000000.0,0.14267316199115299,2025-03-31,2025-03-31,927.3680419921875,90,0.11978427271084269,2025-07-01,0.24416549218974493,2025-09-30,0.03238410324919094,2026-04-01
BMY,2024-12-31,48300000000.0,,45006000000.0,0.07319024130115981,2025-03-31,2025-03-31,57.46461868286133,90,-0.21257640315440685,2025-07-01,-0.24266103204293943,2025-09-30,0.06326292377093612,2026-04-01
BROS,2024-12-31,1281015000.0,,965776000.0,0.3264100578187903,2025-03-31,2025-03-31,61.7400016784668,90,0.08681562439159629,2025-07-01,-0.15225139731665027,2025-09-30,-0.18108195661217574,2026-04-01
BSX,2024-12-31,16747000000.0,,14240000000.0,0.17605337078651684,2025-03-31,2025-03-31,100.87999725341797,90,0.03865980999267693,2025-07-01,-0.03221649572249452,2025-09-30,-0.3854083892939505,2026-04-01
BX,2024-12-31,10930540000.0,,7006649000.0,0.5600239144275674,2025-03-31,2025-03-31,133.936767578125,90,0.10063604505974233,2025-07-01,0.238379389542567,2025-09-30,-0.15422509136810636,2026-04-01
C,2024-12-31,80672000000.0,,78090000000.0,0.033064412856959935,2025-03-31,2025-03-31,68.86555480957031,90,0.22495935786197419,2025-07-01,0.45069078894161607,2025-09-30,0.6663941311356778,2026-04-01
CAT,2024-12-31,64809000000.0,,67060000000.0,-0.03356695496570239,2025-03-31,2025-03-31,324.7054748535156,90,0.19103174272733825,2025-07-01,0.4590775764056765,2025-09-30,1.244902865605841,2026-04-01
CB,2024-12-31,56010000000.0,,49826000000.0,0.12411190944486816,2025-03-31,2025-03-31,300.0915222167969,90,-0.03783473039180041,2025-07-01,-0.06222192346715516,2025-09-30,0.09020075357462876,2026-04-01
CDNS,2024-12-31,4641264000.0,,4089986000.0,0.13478725844049344,2025-03-31,2025-03-31,254.3300018310547,90,0.21676557711286049,2025-07-01,0.38111904705194233,2025-09-30,0.10167892275457824,2026-04-01
CELH,2024-12-31,1355630000.0,,1318014000.0,0.028539909287761844,2025-03-31,2025-03-31,35.619998931884766,90,0.29140935933110645,2025-07-01,0.6139810051202834,2025-09-30,-0.03621552890265123,2026-04-01
CI,2024-12-31,244384000000.0,,195187000000.0,0.25205059763201443,2025-03-31,2025-03-31,322.18280029296875,90,0.021278858979476345,2025-07-01,-0.11519352606342204,2025-09-30,-0.1702846735420448,2026-04-01
CL,2024-12-31,20101000000.0,,19457000000.0,0.03309862774322858,2025-03-31,2025-03-31,90.88178253173828,90,-0.012221818616213853,2025-07-01,-0.1369352916964719,2025-09-30,-0.06601219252056967,2026-04-01
CME,2024-12-31,6130100000.0,,5578900000.0,0.09880083887504698,2025-03-31,2025-03-31,255.50953674316406,90,0.042938301911254806,2025-07-01,0.028027527858493162,2025-09-30,0.1621484122523682,2026-04-01
CMG,2024-12-31,11313853000.0,,9871649000.0,0.14609555100672633,2025-03-31,2025-03-31,50.209999084472656,90,0.15992835571425856,2025-07-01,-0.21947820471423962,2025-09-30,-0.35012942316093376,2026-04-01
COIN,2024-12-31,6564028000.0,,3108383000.0,1.1117178931939855,2025-03-31,2025-03-31,172.22999572753906,90,0.9469894611316383,2025-07-01,0.9595308518051096,2025-09-30,0.004412760752936951,2026-04-01
COP,2024-12-31,54745000000.0,,56141000000.0,-0.024865962487308768,2025-03-31,2025-03-31,100.79293823242188,90,-0.11661680467654101,2025-07-01,-0.08415539258861393,2025-09-30,0.26430452742429633,2026-04-01
CROX,2024-12-31,4102108000.0,,3962347000.0,0.035272276759203525,2025-03-31,2025-03-31,106.19999694824219,90,0.008757065272130271,2025-07-01,-0.21327678481500445,2025-09-30,-0.21318267457843998,2026-04-01
CSX,2024-12-31,14540000000.0,,14657000000.0,-0.007982533942825998,2025-03-31,2025-03-31,28.98859977722168,90,0.14199998355087295,2025-07-01,0.21644688988131966,2025-09-30,0.42952743303149177,2026-04-01
CVX,2024-12-31,193414000000.0,,196913000000.0,-0.017769268661794846,2025-03-31,2025-03-31,160.08583068847656,90,-0.11923544889449778,2025-07-01,-0.04996575761922761,2025-09-30,0.2331510091374971,2026-04-01
DDOG,2024-12-31,2684275000.0,,2128359000.0,0.2611946574802466,2025-03-31,2025-03-31,99.20999908447266,90,0.3338373455520538,2025-07-01,0.4353391312425823,2025-09-30,0.19614957427732027,2026-04-01
DHR,2024-12-31,23875000000.0,,23890000000.0,-0.0006278777731267837,2025-03-31,2025-03-31,203.59698486328125,90,-0.017463702880296528,2025-07-01,-0.02962819566194297,2025-09-30,-0.06290364066908227,2026-04-01
DPZ,2024-12-31,4706416000.0,,4479358000.0,0.05068985332273068,2025-03-31,2025-03-31,451.7962951660156,90,-0.00032206508565224556,2025-07-01,-0.053092577973625654,2025-09-30,-0.19977208221224674,2026-04-01
DUK,2024-12-31,30357000000.0,,29060000000.0,0.044631796283551184,2025-03-31,2025-03-31,116.78955078125,90,-0.016551975980935274,2025-07-01,0.03267253903881939,2025-09-30,0.11121699730334256,2026-04-01
DUOL,2024-12-31,748024000.0,,531109000.0,0.4084189874394899,2025-03-31,2025-03-31,310.5400085449219,90,0.297932589901015,2025-07-01,0.0363881866491742,2025-09-30,-0.6902492439150827,2026-04-01
DXCM,2024-12-31,4033000000.0,,3622300000.0,0.11338100102145043,2025-03-31,2025-03-31,68.29000091552734,90,0.22389809211513434,2025-07-01,-0.014643432224242803,2025-09-30,-0.08668914781485271,2026-04-01
ECL,2024-12-31,15741400000.0,,15320200000.0,0.02749311366692342,2025-03-31,2025-03-31,250.91554260253906,90,0.07793231099900799,2025-07-01,0.08548229837738397,2025-09-30,0.07422603537910266,2026-04-01
ELV,2024-12-31,176810000000.0,,171340000000.0,0.03192482782771089,2025-03-31,2025-03-31,425.8670959472656,90,-0.08611215356307533,2025-07-01,-0.24978077456143621,2025-09-30,-0.2990770997791228,2026-04-01
ENPH,2024-12-31,1330383000.0,,2290786000.0,-0.41924605790326985,2025-03-31,2025-03-31,62.04999923706055,90,-0.3406929838771403,2025-07-01,-0.4296535080614299,2025-09-30,-0.38307817485945406,2026-04-01
EOG,2024-12-31,23378000000.0,,23182000000.0,0.008454835648347814,2025-03-31,2025-03-31,122.70362091064453,90,-0.046323794260141216,2025-07-01,-0.11039706562372753,2025-09-30,0.13556660945722276,2026-04-01
EQIX,2024-12-31,8748000000.0,,8188000000.0,0.06839276990718135,2025-03-31,2025-03-31,796.8715209960938,90,-0.019240969419060727,2025-07-01,-0.028318521304818822,2025-09-30,0.24986268705370418,2026-04-01
ETN,2024-12-31,24878000000.0,,23196000000.0,0.07251250215554417,2025-03-31,2025-03-31,267.7791748046875,90,0.31065846054538393,2025-07-01,0.38559702176330113,2025-09-30,0.3613924665180861,2026-04-01
EXC,2024-12-31,23028000000.0,,21727000000.0,0.05987941271229347,2025-03-31,2025-03-31,44.4963264465332,90,-0.04953334685019306,2025-07-01,-0.005725604604419621,2025-09-30,0.09851767486579943,2026-04-01
FCX,2024-12-31,25455000000.0,,22855000000.0,0.1137606650623495,2025-03-31,2025-03-31,37.25847625732422,90,0.16869135789323453,2025-07-01,0.04397841894706356,2025-09-30,0.6389703131517426,2026-04-01
GD,2024-12-31,47716000000.0,,42272000000.0,0.12878501135503417,2025-03-31,2025-03-31,266.183349609375,90,0.08596945116285903,2025-07-01,0.26440366160469675,2025-09-30,0.31078582978610214,2026-04-01
GE,2024-12-31,38702000000.0,,35348000000.0,0.09488514201652154,2025-03-31,2025-03-31,199.09617614746094,90,0.24416692654112326,2025-07-01,0.5070068770100353,2025-09-30,0.47004326421119846,2026-04-01
GILD,2024-12-31,28754000000.0,,27116000000.0,0.06040713969612033,2025-03-31,2025-03-31,109.14784240722656,90,0.004224314644547089,2025-07-01,0.0045912877372411565,2025-09-30,0.28541251899697384,2026-04-01
GOOGL,2024-12-31,350018000000.0,,307394000000.0,0.1386624332290156,2025-03-31,2025-03-31,154.10565185546875,90,0.13846907579686385,2025-07-01,0.575349117399055,2025-09-30,0.9297800636627593,2026-04-01
GS,2024-12-31,53512000000.0,,46254000000.0,0.1569161586024992,2025-03-31,2025-03-31,535.2022094726562,90,0.29964203576038684,2025-07-01,0.47285081470535206,2025-09-30,0.6072617166887926,2026-04-01
HCA,2024-12-31,70603000000.0,,64968000000.0,0.0867350080039404,2025-03-31,2025-03-31,343.241943359375,90,0.12946629571120383,2025-07-01,0.23800419867716416,2025-09-30,0.38313515928015773,2026-04-01
HON,2024-12-31,34717000000.0,,33009000000.0,0.051743463903783926,2025-03-31,2025-03-31,194.31898498535156,90,0.13336480592802968,2025-07-01,0.004377423313230322,2025-09-30,0.1679389588711766,2026-04-01
IBM,2024-12-31,62753000000.0,,61860000000.0,0.014435822825735523,2025-03-31,2025-03-31,240.85592651367188,90,0.17886991317053558,2025-07-01,0.14999606581903757,2025-09-30,0.0021076693468511376,2026-04-01
ICE,2024-12-31,11761000000.0,,9903000000.0,0.18761991315762905,2025-03-31,2025-03-31,170.4971923828125,90,0.057094227661659946,2025-07-01,-0.01794248353097594,2025-09-30,-0.07282929635508517,2026-04-01
INTC,2024-12-31,53101000000.0,,54228000000.0,-0.02078262152393595,2025-03-31,2025-03-31,22.709999084472656,90,0.006164742520522237,2025-07-01,0.4773227912633182,2025-09-30,1.1149273762910927,2026-04-01
ISRG,2024-12-31,8352100000.0,,7124100000.0,0.17237265058042417,2025-03-31,2025-03-31,495.2699890136719,90,0.08625598596389783,2025-07-01,-0.09699755505681895,2025-09-30,-0.06222863789509736,2026-04-01
ITW,2024-12-31,15898000000.0,,16107000000.0,-0.012975724840131653,2025-03-31,2025-03-31,241.8896026611328,90,0.03521033337566104,2025-07-01,0.0643618659721128,2025-09-30,0.07710296630614888,2026-04-01
JNJ,2024-12-31,88821000000.0,,85159000000.0,0.04300191406662823,2025-03-31,2025-03-31,161.34461975097656,90,-0.05175649319299125,2025-07-01,0.1359277638929357,2025-09-30,0.513034618036651,2026-04-01
JPM,2024-12-31,169439000000.0,,154952000000.0,0.09349346894522181,2025-03-31,2025-03-31,239.1473846435547,90,0.19118945395907527,2025-07-01,0.30004837053938727,2025-09-30,0.22884905488585505,2026-04-01
KKR,2024-12-31,21640288000.0,,14322870000.0,0.5108904849377254,2025-03-31,2025-03-31,114.66703033447266,90,0.14745991536588665,2025-07-01,0.12726315346139105,2025-09-30,-0.20481871917465466,2026-04-01
KMB,2024-12-31,16805000000.0,,17146000000.0,-0.019888020529569617,2025-03-31,2025-03-31,136.16412353515625,90,-0.0659039594999895,2025-07-01,-0.10880926329265195,2025-09-30,-0.28343827168518,2026-04-01
KO,2024-12-31,47061000000.0,,45754000000.0,0.028565808453905772,2025-03-31,2025-03-31,69.60231018066406,90,0.007813292989498732,2025-07-01,-0.06026561250056728,2025-09-30,0.09306719322356871,2026-04-01
LIN,2024-12-31,33005000000.0,,32854000000.0,0.004596091800085134,2025-03-31,2025-03-31,459.4429016113281,90,0.027124963259775425,2025-07-01,0.026618819962105578,2025-09-30,0.07484517627835219,2026-04-01
LLY,2024-12-31,45043000000.0,,34124000000.0,0.3199800726761224,2025-03-31,2025-03-31,818.4309692382812,90,-0.05862576312498913,2025-07-01,-0.07224360517982731,2025-09-30,0.16427620107518925,2026-04-01
LMT,2024-12-31,71043000000.0,,67571000000.0,0.05138298974412092,2025-03-31,2025-03-31,434.83038330078125,90,0.05023285923971632,2025-07-01,0.13343278692344374,2025-09-30,0.4204159561251335,2026-04-01
MA,2024-12-31,28167000000.0,,25098000000.0,0.12228065981353087,2025-03-31,2025-03-31,544.0384521484375,90,0.031718424336227846,2025-07-01,0.040799566860521885,2025-09-30,-0.09784584686239761,2026-04-01
MCD,2024-12-31,25920000000.0,,25495000000.0,0.016669935281427684,2025-03-31,2025-03-31,305.3070373535156,90,-0.04223433501251117,2025-07-01,-0.01607508610546604,2025-09-30,0.006495006497705402,2026-04-01
MDLZ,2024-12-31,36441000000.0,,36016000000.0,0.011800310972901018,2025-03-31,2025-03-31,65.66332244873047,90,0.0234565868633958,2025-07-01,-0.06540224894247137,2025-09-30,-0.13086944786590515,2026-04-01
META,2024-12-31,164501000000.0,,134902000000.0,0.21941112807816054,2025-03-31,2025-03-31,574.5674438476562,90,0.24882615393097285,2025-07-01,0.2760100079532912,2025-09-30,0.0081148639224502,2026-04-01
MMM,2024-12-31,24575000000.0,,24610000000.0,-0.001422186103210099,2025-03-31,2025-03-31,144.20262145996094,90,0.05245330308155283,2025-07-01,0.06673387325044278,2025-09-30,0.007263242023168637,2026-04-01
MRK,2024-12-31,64168000000.0,,60115000000.0,0.06742077684438152,2025-03-31,2025-03-31,86.6136245727539,90,-0.07944394514711628,2025-07-01,-0.04625997820239047,2025-09-30,0.39516152261226734,2026-04-01
MRNA,2024-12-31,3199000000.0,,6754000000.0,-0.5263547527391176,2025-03-31,2025-03-31,28.350000381469727,90,0.011992950547193848,2025-07-01,-0.08888890383969117,2025-09-30,0.7647265645893162,2026-04-01
MS,2024-12-31,57621000000.0,,50667000000.0,0.1372490970454141,2025-03-31,2025-03-31,113.0135726928711,90,0.21883869582725612,2025-07-01,0.3829488659051916,2025-09-30,0.462494856684184,2026-04-01
NEE,2024-12-31,24753000000.0,,28114000000.0,-0.11954897915629226,2025-03-31,2025-03-31,68.84261322021484,90,0.03895010483369843,2025-07-01,0.08180729993630953,2025-09-30,0.3487285582421318,2026-04-01
NEM,2024-12-31,18682000000.0,,11812000000.0,0.5816119200812733,2025-03-31,2025-03-31,47.660484313964844,90,0.2242216407833897,2025-07-01,0.7602820894339721,2025-09-30,1.3875124760783453,2026-04-01
NET,2024-12-31,1669626000.0,,1296745000.0,0.28755152323702804,2025-03-31,2025-03-31,112.69000244140625,90,0.6412280853788064,2025-07-01,0.9042505252359703,2025-09-30,0.822965553511241,2026-04-01
NFLX,2024-12-31,39000966000.0,,33723297000.0,0.15649919994477401,2025-03-31,2025-03-31,93.25299835205078,90,0.3871940087329828,2025-07-01,0.2856637363915817,2025-09-30,0.024631966159793794,2026-04-01
NOC,2024-12-31,41033000000.0,,39290000000.0,0.0443624331891066,2025-03-31,2025-03-31,503.9123840332031,90,-0.011853537877839493,2025-07-01,0.20045256232043207,2025-09-30,0.38317696108471555,2026-04-01
NOW,2024-12-31,10984000000.0,,8971000000.0,0.22438970014491133,2025-03-31,2025-03-31,159.22799682617188,90,0.2709951140211857,2025-07-01,0.1559273709685116,2025-09-30,-0.3465973133537119,2026-04-01
NSC,2024-12-31,12123000000.0,,12156000000.0,-0.002714708785784836,2025-03-31,2025-03-31,231.1185302734375,90,0.11457474503822107,2025-07-01,0.2823509248025826,2025-09-30,0.23643773407918256,2026-04-01
NXPI,2024-12-31,12614000000.0,,13276000000.0,-0.049864416993070204,2025-03-31,2025-03-31,186.50479125976562,90,0.1693219004713986,2025-07-01,0.20933563548319367,2025-09-30,0.0486593964154467,2026-04-01
O,2024-12-31,5271142000.0,,4078993000.0,0.2922655174941462,2025-03-31,2025-03-31,54.41384506225586,90,0.01523892261380766,2025-07-01,0.0778333237405957,2025-09-30,0.13234122225592726,2026-04-01
OPEN,2024-12-31,5153000000.0,,6946000000.0,-0.2581341779441405,2025-03-31,2025-03-31,1.0199999809265137,90,-0.4460784233519315,2025-07-01,6.813725430614348,2025-09-30,3.480392408939294,2026-04-01
ORLY,2024-12-31,16708479000.0,,15812250000.0,0.0566794099511454,2025-03-31,2025-03-31,95.50533294677734,90,-0.05240893667756419,2025-07-01,0.12883746103134874,2025-09-30,-0.035655961479700404,2026-04-01
PEP,2024-12-31,91854000000.0,,91471000000.0,0.0041871194148965785,2025-03-31,2025-03-31,144.1652069091797,90,-0.08800772988092409,2025-07-01,-0.04381842908523281,2025-09-30,0.07272758255679412,2026-04-01
PFE,2024-12-31,63627000000.0,,59554000000.0,0.06839171172381375,2025-03-31,2025-03-31,23.241491317749023,90,0.007012339113689592,2025-07-01,0.04238892397233207,2025-09-30,0.20845876177193134,2026-04-01
PGR,2024-12-31,75343000000.0,,62083000000.0,0.21358503938276185,2025-03-31,2025-03-31,265.6647644042969,90,-0.0657785834680309,2025-07-01,-0.12676686842491292,2025-09-30,-0.2725418632757527,2026-04-01
PLD,2024-12-31,8201610000.0,,8023469000.0,0.02220249121670448,2025-03-31,2025-03-31,108.03670501708984,90,-0.037504730559545285,2025-07-01,0.04342178752900572,2025-09-30,0.2341176252086159,2026-04-01
PNC,2024-12-31,20809000000.0,,21509000000.0,-0.032544516249012,2025-03-31,2025-03-31,168.2988739013672,90,0.10669011259212113,2025-07-01,0.16506856301228456,2025-09-30,0.23378661215897,2026-04-01
PYPL,2024-12-31,31797000000.0,,29771000000.0,0.0680528030633838,2025-03-31,2025-03-31,64.90299987792969,90,0.1538696639906636,2025-07-01,0.02773938440567414,2025-09-30,-0.31235842484853005,2026-04-01
REGN,2024-12-31,14202000000.0,,13117200000.0,0.08270057634251216,2025-03-31,2025-03-31,630.7836303710938,90,-0.15535340495119432,2025-07-01,-0.11080248702461282,2025-09-30,0.23219748036698284,2026-04-01
RTX,2024-12-31,80738000000.0,,68920000000.0,0.1714741729541498,2025-03-31,2025-03-31,130.26112365722656,90,0.094104073977195,2025-07-01,0.2752807758135871,2025-09-30,0.4948435554194648,2026-04-01
RUN,2024-12-31,2037719000.0,,2259813000.0,-0.09827981341818992,2025-03-31,2025-03-31,5.860000133514404,90,0.5426620743831774,2025-07-01,1.9505120344012776,2025-09-30,1.414675647804828,2026-04-01
SCHW,2024-12-31,19606000000.0,,18837000000.0,0.04082391038912769,2025-03-31,2025-03-31,77.05207061767578,90,0.16840448150770615,2025-07-01,0.226963189482432,2025-09-30,0.1943841243943063,2026-04-01
SEDG,2024-12-31,901456000.0,,2976528000.0,-0.6971451301650782,2025-03-31,2025-03-31,16.18000030517578,90,0.35105069209169426,2025-07-01,1.2867737516768871,2025-09-30,2.2058095150524935,2026-04-01
SHAK,2024-12-31,1252608000.0,,1087533000.0,0.151788497452491,2025-03-31,2025-03-31,88.16999816894531,90,0.5694681610138883,2025-07-01,0.06169901955745183,2025-09-30,0.028581199101674892,2026-04-01
SHOP,2024-12-31,8880000000.0,,7060000000.0,0.2577903682719547,2025-03-31,2025-03-31,95.4800033569336,90,0.1800376435655353,2025-07-01,0.5564515645731778,2025-09-30,0.24130700121576498,2026-04-01
SHW,2024-12-31,23098500000.0,,23051900000.0,0.00202152534064437,2025-03-31,2025-03-31,346.0979309082031,90,0.01972632420054876,2025-07-01,-0.004066507026712185,2025-09-30,-0.05893684093298468,2026-04-01
SLB,2024-12-31,36289000000.0,,33135000000.0,0.09518635883506876,2025-03-31,2025-03-31,40.56017303466797,90,-0.150799437127643,2025-07-01,-0.1641878764246507,2025-09-30,0.23347597004911114,2026-04-01
SO,2024-12-31,26724000000.0,,25253000000.0,0.05825050489050798,2025-03-31,2025-03-31,89.02820587158203,90,0.012250468223569788,2025-07-01,0.0475795701555517,2025-09-30,0.08886842649886173,2026-04-01
SRE,2024-12-31,13185000000.0,,16720000000.0,-0.21142344497607657,2025-03-31,2025-03-31,69.24793243408203,90,0.07680280814171603,2025-07-01,0.27186564372803734,2025-09-30,0.40668465090759454,2026-04-01
SYK,2024-12-31,22595000000.0,,20498000000.0,0.1023026636745048,2025-03-31,2025-03-31,368.6932678222656,90,0.06806885096613025,2025-07-01,-0.002541356956980212,2025-09-30,-0.10657442745801149,2026-04-01
TMO,2024-12-31,42879000000.0,,42857000000.0,0.0005133350444501694,2025-03-31,2025-03-31,495.7757263183594,90,-0.1521165850721602,2025-07-01,-0.023395349590186965,2025-09-30,-0.0024924934962305967,2026-04-01
TRV,2024-12-31,46428000000.0,,41373000000.0,0.1221811326227249,2025-03-31,2025-03-31,260.3329772949219,90,0.013768917065652309,2025-07-01,0.06444723466404612,2025-09-30,0.11599383911384331,2026-04-01
TSLA,2024-12-31,97690000000.0,,96773000000.0,0.009475783534663496,2025-03-31,2025-03-31,259.1600036621094,90,0.1603256181734789,2025-07-01,0.7160055368749156,2025-09-30,0.4711375381160612,2026-04-01
TXN,2024-12-31,15641000000.0,,17519000000.0,-0.10719789942348312,2025-03-31,2025-03-31,173.3185577392578,90,0.1811097401485482,2025-07-01,0.03860192338759916,2025-09-30,0.12687086134256798,2026-04-01
UBER,2024-12-31,43978000000.0,,37281000000.0,0.17963573938467325,2025-03-31,2025-03-31,72.86000061035156,90,0.26447977603130335,2025-07-01,0.34463354927263157,2025-09-30,-0.015783715567462164,2026-04-01
UNH,2024-12-31,400278000000.0,,371622000000.0,0.07711061239646733,2025-03-31,2025-03-31,509.3861999511719,90,-0.37287793291067284,2025-07-01,-0.33184703389442105,2025-09-30,-0.462136958141797,2026-04-01
UNP,2024-12-31,24250000000.0,,24119000000.0,0.005431402628633064,2025-03-31,2025-03-31,230.7966766357422,90,0.0032053835475489567,2025-07-01,0.012898754823893022,2025-09-30,0.053394696410185905,2026-04-01
UPS,2024-12-31,91070000000.0,,90958000000.0,0.0012313375404031657,2025-03-31,2025-03-31,102.9535140991211,90,-0.03455927355525723,2025-07-01,-0.2134944450344045,2025-09-30,-0.048988230087570916,2026-04-01
UPST,2024-12-31,628834000.0,,508119000.0,0.23757230097673965,2025-03-31,2025-03-31,46.029998779296875,90,0.4803389354052314,2025-07-01,0.10362808134396695,2025-09-30,-0.4490549362830345,2026-04-01
URI,2024-12-31,15345000000.0,,14332000000.0,0.07068099358079816,2025-03-31,2025-03-31,619.9398803710938,90,0.23833438596370327,2025-07-01,0.530085619953343,2025-09-30,0.1775854218159818,2026-04-01
USB,2024-12-31,27335000000.0,,28013000000.0,-0.024203048584585773,2025-03-31,2025-03-31,40.501651763916016,90,0.11330149525325028,2025-07-01,0.1697806355968321,2025-09-30,0.30241601768440374,2026-04-01
VRTX,2024-12-31,11020100000.0,,9869200000.0,0.11661532849673728,2025-03-31,2025-03-31,484.82000732421875,90,-0.06736521424180486,2025-07-01,-0.1921950234480897,2025-09-30,-0.07747204527695128,2026-04-01
WFC,2024-12-31,82296000000.0,,82597000000.0,-0.0036442001525479606,2025-03-31,2025-03-31,69.86528778076172,90,0.14134387520976244,2025-07-01,0.18087427379634557,2025-09-30,0.146663626496784,2026-04-01
WING,2024-12-31,625807000.0,,460055000.0,0.360287356946452,2025-03-31,2025-03-31,224.02740478515625,90,0.4883582870290277,2025-07-01,0.11770899599914442,2025-09-30,-0.35496885272029566,2026-04-01
WM,2024-12-31,22063000000.0,,20426000000.0,0.08014295505727986,2025-03-31,2025-03-31,228.0543670654297,90,-0.008277257827648987,2025-07-01,-0.039228153569327406,2025-09-30,0.012916362762416256,2026-04-01
XOM,2024-12-31,339247000000.0,,334697000000.0,0.013594385369453565,2025-03-31,2025-03-31,114.20423889160156,90,-0.07301674169071526,2025-07-01,-0.0343287297235656,2025-09-30,0.3983375484952947,2026-04-01
YUM,2024-12-31,7549000000.0,,7076000000.0,0.06684567552289433,2025-03-31,2025-03-31,154.38934326171875,90,-0.039733012059624095,2025-07-01,-0.024611832703107073,2025-09-30,-0.0044649863709050885,2026-04-01
ZTS,2024-12-31,9256000000.0,,8544000000.0,0.08333333333333326,2025-03-31,2025-03-31,161.58609008789062,90,-0.029898752618816804,2025-07-01,-0.10534664512876935,2025-09-30,-0.2772766307204374,2026-04-01
ADSK,2025-01-31,6131000000.0,,5497000000.0,0.11533563762052035,2025-05-01,2025-05-01,273.489990234375,90,0.08603605111518764,2025-08-01,0.09974770468169059,2025-10-30,-0.09488463152162752,2026-05-04
ASAN,2025-01-31,723876000.0,,652504000.0,0.10938170493973987,2025-05-01,2025-05-01,16.049999237060547,90,-0.12710274798444932,2025-08-01,-0.14766349187184236,2025-10-30,-0.5501557549286247,2026-05-04
CHWY,2025-01-31,11861300000.0,,11147700000.0,0.0640132045175239,2025-05-01,2025-05-01,36.369998931884766,90,-0.012647761836181548,2025-08-01,-0.05224079645259361,2025-10-30,-0.32471816917181207,2026-05-04
CRM,2025-01-31,37895000000.0,,34857000000.0,0.08715609490202825,2025-05-01,2025-05-01,267.3349609375,90,-0.06754684229464003,2025-08-01,-0.043906803080171364,2025-10-30,-0.306188778762452,2026-05-04
CRWD,2025-01-31,3953624000.0,,3055555000.0,0.29391354434791706,2025-05-01,2025-05-01,431.8800048828125,90,0.034222465991004425,2025-08-01,0.24729088308209168,2025-10-30,0.08650547589416613,2026-05-04
FIVE,2025-01-31,3876527000.0,,3559369000.0,0.08910511947482824,2025-05-01,2025-05-01,75.36000061035156,90,0.766985172288047,2025-08-01,1.0808120526614498,2025-10-30,2.0666136442649043,2026-05-04
GTLB,2025-01-31,759249000.0,,579906000.0,0.30926219076884864,2025-05-01,2025-05-01,46.959999084472656,90,-0.10945484433256691,2025-08-01,0.011073263796881339,2025-10-30,-0.47636284855212907,2026-05-04
HD,2025-01-31,159514000000.0,,152669000000.0,0.04483555928184502,2025-05-01,2025-05-01,349.46649169921875,90,0.04935003988187203,2025-08-01,0.07193809481144431,2025-10-30,-0.10600867079230536,2026-05-04
LOW,2025-01-31,83674000000.0,,86377000000.0,-0.03129305254871084,2025-05-01,2025-05-01,218.03143310546875,90,0.02376787645354006,2025-08-01,0.08978432781567358,2025-10-30,0.02609058718832813,2026-05-04
LULU,2025-01-31,10588126000.0,,9619278000.0,0.1007194095024595,2025-05-01,2025-05-01,268.6000061035156,90,-0.2802308360464172,2025-08-01,-0.3744601621203695,2025-10-30,-0.519806430392144,2026-05-04
MDB,2025-01-31,2006443000.0,,1683011000.0,0.19217462036790023,2025-05-01,2025-05-01,172.19000244140625,90,0.2832917015370622,2025-08-01,1.0183518416708583,2025-10-30,0.5371972744554459,2026-05-04
MRVL,2025-01-31,5767300000.0,,5507700000.0,0.04713401238266424,2025-05-01,2025-05-01,60.785667419433594,90,0.22249284230452493,2025-08-01,0.45531076466441145,2025-10-30,1.6924110667868746,2026-05-04
NCNO,2025-01-31,540657000.0,,476543000.0,0.13453980018592238,2025-05-01,2025-05-01,22.8700008392334,90,0.1871446708455975,2025-08-01,0.17184076316627195,2025-10-30,-0.21338001263837347,2026-05-04
NVDA,2025-01-31,130497000000.0,,60922000000.0,1.1420340763599355,2025-05-01,2025-05-01,111.58370208740234,90,0.5565994705548167,2025-08-01,0.8180766345134618,2025-10-30,0.7787543522446654,2026-05-04
PATH,2025-01-31,1429664000.0,,1308072000.0,0.09295512785228954,2025-05-01,2025-05-01,11.880000114440918,90,-0.06481485272274412,2025-08-01,0.33585856335708764,2025-10-30,-0.08838385358755341,2026-05-04
ROST,2025-01-31,21129219000.0,,20376941000.0,0.03691810267301654,2025-05-01,2025-05-01,137.55767822265625,90,-0.011002464786388888,2025-08-01,0.14407486206292197,2025-10-30,0.6430926080812158,2026-05-04
S,2025-01-31,821461000.0,,621154000.0,0.3224755857645607,2025-05-01,2025-05-01,18.56999969482422,90,-0.03392564195583658,2025-08-01,-0.08400643465692581,2025-10-30,-0.1599353452968706,2026-05-04
SNOW,2025-01-31,3626396000.0,,2806489000.0,0.2921468781812435,2025-05-01,2025-05-01,165.36000061035156,90,0.23984036959193533,2025-08-01,0.6399370565725877,2025-10-30,-0.12790272023717197,2026-05-04
TGT,2025-01-31,106566000000.0,,107412000000.0,-0.007876214948050464,2025-05-01,2025-05-01,90.90664672851562,90,0.0514802964520622,2025-08-01,-0.010091885099816067,2025-10-30,0.39224381459962965,2026-05-04
TJX,2025-01-31,56360000000.0,,54217000000.0,0.039526347824483166,2025-05-01,2025-05-01,125.6803207397461,90,-0.009564218085273302,2025-08-01,0.12204104479945,2025-10-30,0.2264063791968165,2026-05-04
ULTA,2025-01-31,11295654000.0,,11207303000.0,0.007883341781693698,2025-05-01,2025-05-01,392.92999267578125,90,0.29216405072257223,2025-08-01,0.29707584852817703,2025-10-30,0.3183009942115005,2026-05-04
WDAY,2025-01-31,8446000000.0,,7259000000.0,0.16352114616338342,2025-05-01,2025-05-01,246.61000061035156,90,-0.09890109618135512,2025-08-01,-0.05571552434677429,2025-10-30,-0.481407894760452,2026-05-04
WMT,2025-01-31,680985000000.0,,648125000000.0,0.05070009643201545,2025-05-01,2025-05-01,96.36933135986328,90,0.013531759663142129,2025-08-01,0.05447609161385425,2025-10-30,0.34982524788974967,2026-05-04
BOOT,2025-03-31,1911104000.0,,1667009000.0,0.14642692390982903,2025-06-29,2025-06-30,152.0,90,0.09131582159745055,2025-09-29,0.17355266370271383,2025-12-29,,
AI,2025-04-30,389056000.0,,310582000.0,0.2526675724929326,2025-07-29,2025-07-29,24.479999542236328,90,-0.24999996104271516,2025-10-27,-0.4636437761452078,2026-01-28,,
MDT,2025-04-30,33537000000.0,,32364000000.0,0.03624397478680019,2025-07-29,2025-07-29,90.33677673339844,90,0.02600707969564442,2025-10-27,0.10667826403038627,2026-01-28,,
NKE,2025-05-31,46309000000.0,,51362000000.0,-0.09838012538452556,2025-08-29,2025-08-29,75.9774169921875,90,-0.16032219472146036,2025-11-28,-0.2183203675408535,2026-03-03,,
ORCL,2025-05-31,57399000000.0,,52961000000.0,0.08379751137629587,2025-08-29,2025-08-29,224.35952758789062,90,-0.10537985664216432,2025-11-28,-0.33815434369726216,2026-03-03,,
BILL,2025-06-30,1462570000.0,,1290172000.0,0.1336240439259262,2025-09-28,2025-09-29,54.529998779296875,90,0.0126536302375313,2025-12-29,-0.2976343279948557,2026-03-31,,
EL,2025-06-30,14326000000.0,,15608000000.0,-0.0821373654536135,2025-09-28,2025-09-29,88.51933288574219,90,0.20161611307171978,2025-12-29,-0.1892167021219564,2026-03-31,,
KLAC,2025-06-30,12156162000.0,,9812247000.0,0.2388764775285417,2025-09-28,2025-09-29,1060.9688720703125,90,0.18641972226290715,2025-12-29,0.38779758100396755,2026-03-31,,
LRCX,2025-06-30,18435591000.0,,14905386000.0,0.23684089764599192,2025-09-28,2025-09-29,130.71792602539062,90,0.34380597964450854,2025-12-29,0.63451188493159,2026-03-31,,
MSFT,2025-06-30,281724000000.0,,245122000000.0,0.14932156232406713,2025-09-28,2025-09-29,512.4689331054688,90,-0.05166787335026857,2025-12-29,-0.27767326072905285,2026-03-31,,
PG,2025-06-30,84284000000.0,,84039000000.0,0.0029153131284285205,2025-09-28,2025-09-29,150.2575225830078,90,-0.05177512524528349,2025-12-29,-0.0459014202606467,2026-03-31,,
PH,2025-06-30,19850000000.0,,19930000000.0,-0.004014049172102352,2025-09-28,2025-09-29,748.8524169921875,90,0.1843303857350742,2025-12-29,0.1927865211727775,2026-03-31,,
TEAM,2025-06-30,5215304000.0,,4358603000.0,0.1965540334827467,2025-09-28,2025-09-29,165.30999755859375,90,-0.00798495000256605,2025-12-29,-0.5871393079186942,2026-03-31,,
CSCO,2025-07-31,56654000000.0,,53803000000.0,0.05298961024478199,2025-10-29,2025-10-29,70.56795501708984,90,0.10387067039314513,2026-01-30,0.3015822614085566,2026-05-01,,
INTU,2025-07-31,18831000000.0,,16285000000.0,0.1563401903592263,2025-10-29,2025-10-29,652.8165283203125,90,-0.23809690319871102,2026-01-30,-0.388740953646431,2026-05-01,,
PANW,2025-07-31,9221500000.0,,8027500000.0,0.1487387106820306,2025-10-29,2025-10-29,217.16000366210938,90,-0.18507092357550325,2026-01-30,-0.16614478367385488,2026-05-01,,
ZS,2025-07-31,2673115000.0,,2167771000.0,0.23311687443000206,2025-10-29,2025-10-29,320.9599914550781,90,-0.376838235818468,2026-01-30,-0.5644005443645406,2026-05-01,,
ACN,2025-08-31,69672977000.0,,64896464000.0,0.07360205326441216,2025-11-29,2025-12-01,255.2652587890625,90,-0.18424425897348473,2026-03-04,,,,
AZO,2025-08-31,18938717000.0,,18490268000.0,0.024253245004344892,2025-11-29,2025-12-01,3946.989990234375,90,-0.0582697171270804,2026-03-04,,,,
COST,2025-08-31,275235000000.0,,254453000000.0,0.08167323631476142,2025-11-29,2025-12-01,909.3963012695312,90,0.1054380907771102,2026-03-04,,,,
MU,2025-08-31,37378000000.0,,25111000000.0,0.4885110111106685,2025-11-29,2025-12-01,240.26197814941406,90,0.6673536431186229,2026-03-04,,,,
AAPL,2025-09-30,416161000000.0,,391035000000.0,0.06425511782832749,2025-12-29,2025-12-29,273.2523498535156,90,-0.07207977767981955,2026-03-31,,,,
APD,2025-09-30,12037300000.0,,12100600000.0,-0.005231145563029949,2025-12-29,2025-12-29,244.52085876464844,90,0.18059454777899342,2026-03-31,,,,
EMR,2025-09-30,18016000000.0,,17492000000.0,0.0299565515664304,2025-12-29,2025-12-29,134.16015625,90,-0.02733703959819478,2026-03-31,,,,
QCOM,2025-09-30,44284000000.0,,38962000000.0,0.13659463066577682,2025-12-29,2025-12-29,172.32359313964844,90,-0.25268504194352825,2026-03-31,,,,
SBUX,2025-09-30,37184400000.0,,36176200000.0,0.027869151541621395,2025-12-29,2025-12-29,84.5262680053711,90,0.05373098197161186,2026-03-31,,,,
V,2025-09-30,40000000000.0,,35926000000.0,0.11339976618604908,2025-12-29,2025-12-29,353.1481628417969,90,-0.1459258540407895,2026-03-31,,,,
AMAT,2025-10-31,28368000000.0,,27176000000.0,0.04386223138063006,2026-01-29,2026-01-29,340.9148254394531,90,0.15715117324645922,2026-04-30,,,,
AVGO,2025-10-31,63887000000.0,,51574000000.0,0.23874432853763516,2026-01-29,2026-01-29,330.0376892089844,90,0.26479491986583037,2026-04-30,,,,
DE,2025-10-31,44665000000.0,,50518000000.0,-0.11585969357456749,2026-01-29,2026-01-29,528.524169921875,90,0.11607004690888689,2026-04-30,,,,
SNPS,2025-10-31,7054178000.0,,6127436000.0,0.151244664162955,2026-01-29,2026-01-29,480.0,90,0.005416679382324263,2026-04-30,,,,
ADBE,2025-11-30,23769000000.0,,21505000000.0,0.10527784236224136,2026-02-28,2026-03-02,260.8800048828125,90,,,,,,
ABBV,2025-12-31,61160000000.0,,56334000000.0,0.08566762523520421,2026-03-31,2026-03-31,215.7005157470703,90,,,,,,
ABT,2025-12-31,44328000000.0,,41950000000.0,0.05668653158522052,2026-03-31,2026-03-31,102.02989959716797,90,,,,,,
AEP,2025-12-31,21876000000.0,,19721000000.0,0.1092743775670606,2026-03-31,2026-03-31,130.13490295410156,90,,,,,,
AMD,2025-12-31,34639000000.0,,25785000000.0,0.3433779329067288,2026-03-31,2026-03-31,203.42999267578125,90,,,,,,
AMGN,2025-12-31,36751000000.0,,33424000000.0,0.09953925323121116,2026-03-31,2026-03-31,349.21295166015625,90,,,,,,
AMT,2025-12-31,10644600000.0,,10127200000.0,0.051090133501856316,2026-03-31,2026-03-31,170.87271118164062,90,,,,,,
AMZN,2025-12-31,716924000000.0,,637959000000.0,0.12377754683294695,2026-03-31,2026-03-31,208.27000427246094,90,,,,,,
ANET,2025-12-31,9005700000.0,,7003100000.0,0.28595907526666764,2026-03-31,2026-03-31,122.77999877929688,90,,,,,,
AON,2025-12-31,17181000000.0,,15698000000.0,0.09447063320168181,2026-03-31,2026-03-31,321.93072509765625,90,,,,,,
APH,2025-12-31,23094700000.0,,15222700000.0,0.5171224552806006,2026-03-31,2026-03-31,126.3499984741211,90,,,,,,
AXP,2025-12-31,72230000000.0,,65949000000.0,0.095240261414123,2026-03-31,2026-03-31,301.5267639160156,90,,,,,,
BA,2025-12-31,89463000000.0,,66517000000.0,0.3449644451794278,2026-03-31,2026-03-31,199.02999877929688,90,,,,,,
BAC,2025-12-31,113097000000.0,,105856000000.0,0.06840424727932293,2026-03-31,2026-03-31,48.75,90,,,,,,
BL,2025-12-31,700427000.0,,653336000.0,0.07207776702952229,2026-03-31,2026-03-31,37.0,90,,,,,,
BLK,2025-12-31,24216000000.0,,20407000000.0,0.1866516391434312,2026-03-31,2026-03-31,961.7100219726562,90,,,,,,
BMY,2025-12-31,48195000000.0,,48300000000.0,-0.0021739130434782483,2026-03-31,2026-03-31,60.03102493286133,90,,,,,,
BROS,2025-12-31,1638159000.0,,1281015000.0,0.27879767215840556,2026-03-31,2026-03-31,50.65999984741211,90,,,,,,
BSX,2025-12-31,20074000000.0,,16747000000.0,0.1986624470054339,2026-03-31,2026-03-31,62.75,90,,,,,,
BX,2025-12-31,12410012000.0,,10930540000.0,0.135352141797203,2026-03-31,2026-03-31,113.93429565429688,90,,,,,,
C,2025-12-31,85213000000.0,,80672000000.0,0.05628966679888925,2026-03-31,2026-03-31,112.87606048583984,90,,,,,,
CAT,2025-12-31,67589000000.0,,64809000000.0,0.04289527689055528,2026-03-31,2026-03-31,707.1138305664062,90,,,,,,
CB,2025-12-31,59783000000.0,,56010000000.0,0.06736297089805388,2026-03-31,2026-03-31,325.92999267578125,90,,,,,,
CDNS,2025-12-31,5296759000.0,,4641264000.0,0.14123200059294194,2026-03-31,2026-03-31,277.8699951171875,90,,,,,,
CELH,2025-12-31,2515269000.0,,1355630000.0,0.8554244152165413,2026-03-31,2026-03-31,35.47999954223633,90,,,,,,
CI,2025-12-31,274876000000.0,,244384000000.0,0.12477085242896435,2026-03-31,2026-03-31,266.75,90,,,,,,
CL,2025-12-31,20382000000.0,,20101000000.0,0.013979404009750729,2026-03-31,2026-03-31,84.7035903930664,90,,,,,,
CME,2025-12-31,6520600000.0,,6130100000.0,0.06370206032528025,2026-03-31,2026-03-31,295.3500061035156,90,,,,,,
CMG,2025-12-31,11925601000.0,,11313853000.0,0.05407070429499128,2026-03-31,2026-03-31,32.0099983215332,90,,,,,,
COIN,2025-12-31,7181325000.0,,6564028000.0,0.09404240810672948,2026-03-31,2026-03-31,174.61000061035156,90,,,,,,
COP,2025-12-31,58944000000.0,,54745000000.0,0.07670106859073877,2026-03-31,2026-03-31,131.02626037597656,90,,,,,,
CROX,2025-12-31,4040647000.0,,4102108000.0,-0.014982784461062493,2026-03-31,2026-03-31,83.0199966430664,90,,,,,,
CSX,2025-12-31,14092000000.0,,14540000000.0,-0.030811554332874858,2026-03-31,2026-03-31,41.04999923706055,90,,,,,,
CVX,2025-12-31,184432000000.0,,193414000000.0,-0.046439244315302886,2026-03-31,2026-03-31,206.89999389648438,90,,,,,,
DDOG,2025-12-31,3427158000.0,,2684275000.0,0.2767536858183308,2026-03-31,2026-03-31,118.05000305175781,90,,,,,,
DHR,2025-12-31,24568000000.0,,23875000000.0,0.02902617801047125,2026-03-31,2026-03-31,189.60000610351562,90,,,,,,
DPZ,2025-12-31,4939994000.0,,4706416000.0,0.04962969699236108,2026-03-31,2026-03-31,358.7900085449219,90,,,,,,
DUK,2025-12-31,32237000000.0,,30357000000.0,0.06192970319860325,2026-03-31,2026-03-31,129.81820678710938,90,,,,,,
DUOL,2025-12-31,1037589000.0,,748024000.0,0.38710656342577243,2026-03-31,2026-03-31,98.56999969482422,90,,,,,,
DXCM,2025-12-31,4662000000.0,,4033000000.0,0.15596330275229353,2026-03-31,2026-03-31,62.79999923706055,90,,,,,,
ECL,2025-12-31,16081200000.0,,15741400000.0,0.021586390028841107,2026-03-31,2026-03-31,266.0199890136719,90,,,,,,
ELV,2025-12-31,199125000000.0,,176810000000.0,0.12620892483456814,2026-03-31,2026-03-31,292.75,90,,,,,,
ENPH,2025-12-31,1472985000.0,,1330383000.0,0.10718868175555452,2026-03-31,2026-03-31,37.810001373291016,90,,,,,,
EOG,2025-12-31,22582000000.0,,23378000000.0,-0.03404910599709132,2026-03-31,2026-03-31,143.45616149902344,90,,,,,,
EQIX,2025-12-31,9217000000.0,,8748000000.0,0.05361225422953808,2026-03-31,2026-03-31,980.239990234375,90,,,,,,
ETN,2025-12-31,27448000000.0,,24878000000.0,0.10330412412573353,2026-03-31,2026-03-31,356.684326171875,90,,,,,,
EXC,2025-12-31,24258000000.0,,23028000000.0,0.05341323606044823,2026-03-31,2026-03-31,49.02000045776367,90,,,,,,
FCX,2025-12-31,25915000000.0,,25455000000.0,0.01807110587310934,2026-03-31,2026-03-31,58.65085220336914,90,,,,,,
GD,2025-12-31,52550000000.0,,47716000000.0,0.10130773744655874,2026-03-31,2026-03-31,341.6331481933594,90,,,,,,
GE,2025-12-31,45855000000.0,,38702000000.0,0.1848224897938091,2026-03-31,2026-03-31,283.7699890136719,90,,,,,,
GILD,2025-12-31,29442000000.0,,28754000000.0,0.0239271057939765,2026-03-31,2026-03-31,139.3699951171875,90,,,,,,
GOOGL,2025-12-31,402836000000.0,,350018000000.0,0.1509008108154437,2026-03-31,2026-03-31,287.55999755859375,90,,,,,,
GS,2025-12-31,58283000000.0,,53512000000.0,0.08915757213335329,2026-03-31,2026-03-31,845.989990234375,90,,,,,,
HCA,2025-12-31,75600000000.0,,70603000000.0,0.07077602934719485,2026-03-31,2026-03-31,473.239990234375,90,,,,,,
HON,2025-12-31,37442000000.0,,34717000000.0,0.07849180516749721,2026-03-31,2026-03-31,224.79457092285156,90,,,,,,
IBM,2025-12-31,67536000000.0,,62753000000.0,0.07621946361130139,2026-03-31,2026-03-31,240.61904907226562,90,,,,,,
ICE,2025-12-31,12640000000.0,,11761000000.0,0.07473854264093194,2026-03-31,2026-03-31,157.27999877929688,90,,,,,,
INTC,2025-12-31,52853000000.0,,53101000000.0,-0.004670345191239322,2026-03-31,2026-03-31,44.130001068115234,90,,,,,,
ISRG,2025-12-31,10064700000.0,,8352100000.0,0.20505022688904595,2026-03-31,2026-03-31,460.989990234375,90,,,,,,
ITW,2025-12-31,16044000000.0,,15898000000.0,0.009183545100012624,2026-03-31,2026-03-31,260.2900085449219,90,,,,,,
JNJ,2025-12-31,94193000000.0,,88821000000.0,0.06048119251078021,2026-03-31,2026-03-31,244.44000244140625,90,,,,,,
JPM,2025-12-31,181847000000.0,,169439000000.0,0.07322989394413337,2026-03-31,2026-03-31,292.6622314453125,90,,,,,,
KKR,2025-12-31,19207544000.0,,21640288000.0,-0.11241735784662388,2026-03-31,2026-03-31,92.31884765625,90,,,,,,
KMB,2025-12-31,16447000000.0,,16805000000.0,-0.021303183576316553,2026-03-31,2026-03-31,96.47000122070312,90,,,,,,
KO,2025-12-31,47941000000.0,,47061000000.0,0.018699135164998548,2026-03-31,2026-03-31,76.05000305175781,90,,,,,,
LIN,2025-12-31,33986000000.0,,33005000000.0,0.029722769277382266,2026-03-31,2026-03-31,495.760009765625,90,,,,,,
LLY,2025-12-31,65179000000.0,,45043000000.0,0.44703949559309986,2026-03-31,2026-03-31,918.189453125,90,,,,,,
LMT,2025-12-31,75048000000.0,,71043000000.0,0.0563743085173769,2026-03-31,2026-03-31,604.3900146484375,90,,,,,,
MA,2025-12-31,32791000000.0,,28167000000.0,0.16416373770724602,2026-03-31,2026-03-31,498.8028259277344,90,,,,,,
MCD,2025-12-31,26885000000.0,,25920000000.0,0.037229938271605034,2026-03-31,2026-03-31,310.7900085449219,90,,,,,,
MDLZ,2025-12-31,38537000000.0,,36441000000.0,0.05751763123953779,2026-03-31,2026-03-31,57.63999938964844,90,,,,,,
META,2025-12-31,200966000000.0,,164501000000.0,0.22167038498246217,2026-03-31,2026-03-31,572.1300048828125,90,,,,,,
MMM,2025-12-31,24948000000.0,,24575000000.0,0.015178026449643944,2026-03-31,2026-03-31,145.22999572753906,90,,,,,,
MRK,2025-12-31,65011000000.0,,64168000000.0,0.013137389352948503,2026-03-31,2026-03-31,120.29000091552734,90,,,,,,
MRNA,2025-12-31,1922000000.0,,3199000000.0,-0.3991872460143795,2026-03-31,2026-03-31,50.79999923706055,90,,,,,,
MS,2025-12-31,65966000000.0,,57621000000.0,0.14482567119626522,2026-03-31,2026-03-31,163.69033813476562,90,,,,,,
NEE,2025-12-31,27412000000.0,,24753000000.0,0.10742132266795945,2026-03-31,2026-03-31,92.87999725341797,90,,,,,,
NEM,2025-12-31,22669000000.0,,18682000000.0,0.21341398137244405,2026-03-31,2026-03-31,108.25,90,,,,,,
NET,2025-12-31,2167937000.0,,1669626000.0,0.29845666035387564,2026-03-31,2026-03-31,206.33999633789062,90,,,,,,
NFLX,2025-12-31,45183036000.0,,39000966000.0,0.15851068919677536,2026-03-31,2026-03-31,96.1500015258789,90,,,,,,
NOC,2025-12-31,41954000000.0,,41033000000.0,0.022445348865547166,2026-03-31,2026-03-31,682.239990234375,90,,,,,,
NOW,2025-12-31,13278000000.0,,10984000000.0,0.20884923525127452,2026-03-31,2026-03-31,104.55000305175781,90,,,,,,
NSC,2025-12-31,12180000000.0,,12123000000.0,0.004701806483543569,2026-03-31,2026-03-31,285.763671875,90,,,,,,
NXPI,2025-12-31,12269000000.0,,12614000000.0,-0.027350562866656047,2026-03-31,2026-03-31,196.86000061035156,90,,,,,,
O,2025-12-31,5749377000.0,,5271142000.0,0.09072701892682833,2026-03-31,2026-03-31,60.918033599853516,90,,,,,,
OPEN,2025-12-31,4371000000.0,,5153000000.0,-0.1517562584901999,2026-03-31,2026-03-31,4.679999828338623,90,,,,,,
ORLY,2025-12-31,17781992000.0,,16708479000.0,0.06424959447236334,2026-03-31,2026-03-31,92.30999755859375,90,,,,,,
PEP,2025-12-31,93925000000.0,,91854000000.0,0.022546650118666633,2026-03-31,2026-03-31,155.2899932861328,90,,,,,,
PFE,2025-12-31,62579000000.0,,63627000000.0,-0.01647099501783833,2026-03-31,2026-03-31,27.6240177154541,90,,,,,,
PGR,2025-12-31,87637000000.0,,75343000000.0,0.1631737520406673,2026-03-31,2026-03-31,198.13748168945312,90,,,,,,
PLD,2025-12-31,8790127000.0,,8201610000.0,0.07175627712119947,2026-03-31,2026-03-31,132.17999267578125,90,,,,,,
PNC,2025-12-31,23077000000.0,,20809000000.0,0.10899130184054973,2026-03-31,2026-03-31,206.503662109375,90,,,,,,
PYPL,2025-12-31,33172000000.0,,31797000000.0,0.04324307324590371,2026-03-31,2026-03-31,45.22999954223633,90,,,,,,
REGN,2025-12-31,14342900000.0,,14202000000.0,0.009921137867905827,2026-03-31,2026-03-31,772.6400146484375,90,,,,,,
RTX,2025-12-31,88603000000.0,,80738000000.0,0.09741385716762863,2026-03-31,2026-03-31,192.89999389648438,90,,,,,,
RUN,2025-12-31,2956997000.0,,2037719000.0,0.4511308968508416,2026-03-31,2026-03-31,13.5600004196167,90,,,,,,
SCHW,2025-12-31,23921000000.0,,19606000000.0,0.2200856880546771,2026-03-31,2026-03-31,93.64398193359375,90,,,,,,
SEDG,2025-12-31,1184444000.0,,901456000.0,0.31392325304840174,2026-03-31,2026-03-31,51.04999923706055,90,,,,,,
SHAK,2025-12-31,1445306000.0,,1252608000.0,0.1538374335785817,2026-03-31,2026-03-31,88.47000122070312,90,,,,,,
SHOP,2025-12-31,11556000000.0,,8880000000.0,0.30135135135135127,2026-03-31,2026-03-31,118.62000274658203,90,,,,,,
SHW,2025-12-31,23574300000.0,,23098500000.0,0.020598740177933728,2026-03-31,2026-03-31,320.54998779296875,90,,,,,,
SLB,2025-12-31,35708000000.0,,36289000000.0,-0.016010361266499462,2026-03-31,2026-03-31,51.38999938964844,90,,,,,,
SO,2025-12-31,29553000000.0,,26724000000.0,0.1058599012123933,2026-03-31,2026-03-31,96.5199966430664,90,,,,,,
SRE,2025-12-31,13702000000.0,,13185000000.0,0.03921122487675399,2026-03-31,2026-03-31,97.16999816894531,90,,,,,,
SYK,2025-12-31,25116000000.0,,22595000000.0,0.11157335693737558,2026-03-31,2026-03-31,328.5899963378906,90,,,,,,
TMO,2025-12-31,44557000000.0,,42879000000.0,0.03913337531192429,2026-03-31,2026-03-31,491.5299987792969,90,,,,,,
TRV,2025-12-31,48828000000.0,,46428000000.0,0.05169294391315593,2026-03-31,2026-03-31,291.67999267578125,90,,,,,,
TSLA,2025-12-31,94827000000.0,,97690000000.0,-0.02930699150373628,2026-03-31,2026-03-31,371.75,90,,,,,,
TXN,2025-12-31,17682000000.0,,15641000000.0,0.13049037785307838,2026-03-31,2026-03-31,193.15855407714844,90,,,,,,
UBER,2025-12-31,52017000000.0,,43978000000.0,0.1827959434262585,2026-03-31,2026-03-31,71.93000030517578,90,,,,,,
UNH,2025-12-31,447567000000.0,,400278000000.0,0.11814039242726304,2026-03-31,2026-03-31,270.5899963378906,90,,,,,,
UNP,2025-12-31,24510000000.0,,24250000000.0,0.010721649484536133,2026-03-31,2026-03-31,242.6199951171875,90,,,,,,
UPS,2025-12-31,88661000000.0,,91070000000.0,-0.026452179642033613,2026-03-31,2026-03-31,98.37999725341797,90,,,,,,
UPST,2025-12-31,1023985000.0,,628834000.0,0.6283868238676662,2026-03-31,2026-03-31,25.649999618530273,90,,,,,,
URI,2025-12-31,16099000000.0,,15345000000.0,0.04913652655588141,2026-03-31,2026-03-31,727.0582885742188,90,,,,,,
USB,2025-12-31,28540000000.0,,27335000000.0,0.0440826778854948,2026-03-31,2026-03-31,52.0099983215332,90,,,,,,
VRTX,2025-12-31,12001300000.0,,11020100000.0,0.08903730456166459,2026-03-31,2026-03-31,446.5400085449219,90,,,,,,
WFC,2025-12-31,83699000000.0,,82296000000.0,0.01704821619519792,2026-03-31,2026-03-31,79.15744018554688,90,,,,,,
WING,2025-12-31,696853000.0,,625807000.0,0.11352701391962694,2026-03-31,2026-03-31,154.57919311523438,90,,,,,,
WM,2025-12-31,25204000000.0,,22063000000.0,0.14236504555137564,2026-03-31,2026-03-31,229.7899932861328,90,,,,,,
XOM,2025-12-31,323905000000.0,,339247000000.0,-0.045223686576447264,2026-03-31,2026-03-31,168.51620483398438,90,,,,,,
YUM,2025-12-31,8214000000.0,,7549000000.0,0.08809113789905942,2026-03-31,2026-03-31,155.47999572753906,90,,,,,,
ZTS,2025-12-31,9467000000.0,,9256000000.0,0.022796024200518517,2026-03-31,2026-03-31,117.69805908203125,90,,,,,,
ADSK,2026-01-31,7206000000.0,,6131000000.0,0.1753384439732506,2026-05-01,2026-05-01,244.35000610351562,90,,,,,,
ASAN,2026-01-31,790806000.0,,723876000.0,0.0924605871723887,2026-05-01,2026-05-01,6.989999771118164,90,,,,,,
CHWY,2026-01-31,12601500000.0,,11861300000.0,0.06240462681156367,2026-05-01,2026-05-01,25.540000915527344,90,,,,,,
CRM,2026-01-31,41525000000.0,,37895000000.0,0.09579100145137875,2026-05-01,2026-05-01,183.82000732421875,90,,,,,,
CRWD,2026-01-31,4812005000.0,,3953624000.0,0.21711245176577232,2026-05-01,2026-05-01,455.6400146484375,90,,,,,,
FIVE,2026-01-31,4764147000.0,,3876527000.0,0.22897299567370477,2026-05-01,2026-05-01,230.52000427246094,90,,,,,,
GTLB,2026-01-31,955224000.0,,759249000.0,0.2581169023600953,2026-05-01,2026-05-01,24.049999237060547,90,,,,,,
HD,2026-01-31,164683000000.0,,159514000000.0,0.032404679213109855,2026-05-01,2026-05-01,323.8800048828125,90,,,,,,
LOW,2026-01-31,86286000000.0,,83674000000.0,0.031216387408274926,2026-05-01,2026-05-01,233.3300018310547,90,,,,,,
LULU,2026-01-31,11102600000.0,,10588126000.0,0.048589712664922846,2026-05-01,2026-05-01,133.5800018310547,90,,,,,,
MDB,2026-01-31,2463797000.0,,2006443000.0,0.2279426826478499,2026-05-01,2026-05-01,263.4599914550781,90,,,,,,
MRVL,2026-01-31,8194600000.0,,5767300000.0,0.42087285211450776,2026-05-01,2026-05-01,164.9499969482422,90,,,,,,
NCNO,2026-01-31,594781000.0,,540657000.0,0.1001078317676456,2026-05-01,2026-05-01,18.1299991607666,90,,,,,,
NVDA,2026-01-31,215938000000.0,,130497000000.0,0.6547353579009478,2026-05-01,2026-05-01,198.4499969482422,90,,,,,,
PATH,2026-01-31,1610572000.0,,1429664000.0,0.12653882310808684,2026-05-01,2026-05-01,10.670000076293945,90,,,,,,
ROST,2026-01-31,22750559000.0,,21129219000.0,0.07673449738014448,2026-05-01,2026-05-01,228.83999633789062,90,,,,,,
S,2026-01-31,1001278000.0,,821461000.0,0.21889901042167548,2026-05-01,2026-05-01,14.899999618530273,90,,,,,,
SNOW,2026-01-31,4683946000.0,,3626396000.0,0.29162562500068945,2026-05-01,2026-05-01,141.0,90,,,,,,
TGT,2026-01-31,104780000000.0,,106566000000.0,-0.016759566841206386,2026-05-01,2026-05-01,127.68363952636719,90,,,,,,
TJX,2026-01-31,60372000000.0,,56360000000.0,0.07118523775727459,2026-05-01,2026-05-01,156.31800842285156,90,,,,,,
ULTA,2026-01-31,12392820000.0,,11295654000.0,0.09713169330434512,2026-05-01,2026-05-01,531.9500122070312,90,,,,,,
WDAY,2026-01-31,9552000000.0,,8446000000.0,0.1309495619228036,2026-05-01,2026-05-01,126.95999908447266,90,,,,,,
WMT,2026-01-31,713163000000.0,,680985000000.0,0.047252142117667706,2026-05-01,2026-05-01,131.34933471679688,90,,,,,,
