observations,total_return,annual_return,annual_std,sharpe,average_daily_return,average_daily_turnover,max_drawdown,hit_rate,regime,strategy,universe,grain
72,0.2406390021466438,3.5239522273080226,0.3077409717280912,11.451033664836997,0.0030912387570620034,0.3055555555555556,-0.07571969494630149,0.4583333333333333,bear_normal_vol,hourly_lower_caps_bear_short_weak_4h_24bar,hourly_lower_caps,4h
72,0.12023741904534435,1.2139638559523456,0.19995280270610372,6.071252013089629,0.0016171120841971564,0.2652777777777778,-0.03725116995943978,0.5277777777777778,bear_normal_vol,hourly_large_caps_bear_short_weak_4h_24bar,hourly_large_caps,4h
143,0.09738425979249321,0.6344250745890956,0.13247498705648303,4.78901782657731,0.0006615600904019914,0.31002331002331,-0.02937265127538602,0.4965034965034965,bear_normal_vol,hourly_sector_bear_short_weak_2h_24bar,hourly_sector,2h
324,0.16038961909885519,1.0020944558686211,0.22496832119166088,4.454380290347149,0.0004758072151074201,0.24341563786008233,-0.045924640827389895,0.42592592592592593,bear_normal_vol,hourly_large_caps_bear_short_weak_1h_24bar,hourly_large_caps,1h
143,0.10493129342755636,0.694732535277059,0.19329001816428149,3.59424941792178,0.0007225201519746451,0.2678321678321678,-0.038595966458534914,0.46853146853146854,bear_normal_vol,hourly_large_caps_bear_short_weak_2h_24bar,hourly_large_caps,2h
72,0.05970920532871782,0.500745149723167,0.13963313314565948,3.5861484909946872,0.0008247913610247655,0.33333333333333326,-0.02470344278731673,0.5277777777777778,bear_normal_vol,hourly_sector_bear_short_weak_4h_24bar,hourly_sector,4h
324,0.13106523066342457,0.7766793053343819,0.28506861531021427,2.7245345984130607,0.000406853006808284,0.30195473251028804,-0.08702776295125869,0.404320987654321,bear_normal_vol,hourly_lower_caps_bear_short_weak_1h_24bar,hourly_lower_caps,1h
143,0.10425486195219591,0.6892547423773998,0.2922700511875152,2.3582804313233803,0.0007497450181913148,0.2937062937062937,-0.09021217975675333,0.46153846153846156,bear_normal_vol,hourly_lower_caps_bear_short_weak_2h_24bar,hourly_lower_caps,2h
197,0.3469602801387097,0.4637572881333616,0.2668745113518822,1.7377354089910946,0.001653150062853653,0.31985738457819674,-0.09768738474523475,0.49238578680203043,bear_normal_vol,large_caps_bear_short_weak_63d,large_caps,1d
324,0.025697518876339087,0.125701962498183,0.14545056424753736,0.8642246466933955,8.52760830330186e-05,0.3158436213991769,-0.07221812039618725,0.4228395061728395,bear_normal_vol,hourly_sector_bear_short_weak_1h_24bar,hourly_sector,1h
483,0.5602701135449579,0.2612462568350218,0.4084172390530671,0.6396553128872142,0.0012784170424814004,0.32919254658385094,-0.36031973574924236,0.10144927536231885,bear_high_vol,lower_caps_vwap_reclaim_20d,lower_caps,1d
580,0.06934589913391798,0.09132493536130504,0.40218540625327653,0.22707172846493862,0.00022297875198903192,0.3129310344827586,-0.17799585527498585,0.45517241379310347,bear_high_vol,hourly_lower_caps_bear_short_weak_2h_24bar,hourly_lower_caps,2h
248,0.02083656113720589,0.04280076695190793,0.4206731098866323,0.1017435294674346,0.00025724936198766194,0.37029569892473124,-0.21427187844843,0.49193548387096775,bear_high_vol,hourly_lower_caps_momentum_4h_24bar,hourly_lower_caps,4h
197,-0.097834744620654,-0.12339787231286203,0.596281402500298,-0.20694570012654445,0.00021646566080431778,0.2511844331641286,-0.43973383619591533,0.45685279187817257,bear_normal_vol,lower_caps_bear_short_weak_63d,lower_caps,1d
197,-0.04627797324692029,-0.05881145263376353,0.1982183830467897,-0.29670029454271657,-0.00016285179901596552,0.3401015228426396,-0.1348009747857155,0.4416243654822335,bear_normal_vol,sector_bear_short_weak_63d,sector_etfs,1d
483,-0.3066636432879465,-0.17393495124090408,0.31061461259758344,-0.5599702788813912,-0.0005650096651459874,0.19784909132735218,-0.4415764107182527,0.4824016563146998,bear_high_vol,large_caps_relative_strength_126d,large_caps,1d
580,-0.13394925016434045,-0.1709304267611652,0.2869925968062926,-0.5955917632137938,-0.00019333528532464292,0.2527011494252874,-0.20511979996448493,0.43103448275862066,bear_high_vol,hourly_large_caps_bear_short_weak_2h_24bar,hourly_large_caps,2h
483,-0.4282616994229804,-0.25300047894668365,0.40125209513217747,-0.6305274963445165,-0.0008381453227943739,0.21048999309868874,-0.49470497007444403,0.4575569358178054,bear_high_vol,sector_bear_short_weak_63d,sector_etfs,1d
483,-0.6480805387016371,-0.42008851025242655,0.6339436536961751,-0.6626590672579852,-0.0012900405794994874,0.15219856058365375,-0.791078492164739,0.39337474120082816,bear_high_vol,lower_caps_relative_strength_126d,lower_caps,1d
483,-0.69218635922162,-0.4592210802237596,0.6862531048510649,-0.6691715884089482,-0.0014345602810169568,0.15530908015380065,-0.7658392489012672,0.35403726708074534,bear_high_vol,lower_caps_momentum_12_1,lower_caps,1d
248,-0.09583423980663852,-0.18513669611629258,0.2743781643231833,-0.6747501083877236,-0.0003312911742358674,0.3064516129032258,-0.15970297241138431,0.3790322580645161,bear_high_vol,hourly_sector_bear_short_weak_4h_24bar,hourly_sector,4h
483,-0.24169664970790317,-0.13441568494425915,0.1908567831898763,-0.7042751255559725,-0.0005003586227384483,0.18219461697722567,-0.3033719767581351,0.5072463768115942,bear_high_vol,sector_rotation_top3_63d,sector_etfs,1d
1104,-0.22720229496640498,-0.2974150452892329,0.3853176653665522,-0.7718697376781372,-0.00018440305857327918,0.296195652173913,-0.35974301035909984,0.42391304347826086,bear_high_vol,hourly_lower_caps_bear_short_weak_1h_24bar,hourly_lower_caps,1h
483,-0.5287683649177759,-0.3246737674412802,0.413519328421557,-0.7851477431069332,-0.0012148349349821723,0.19401229090670088,-0.5918526936371322,0.4451345755693582,bear_high_vol,large_caps_bear_short_weak_63d,large_caps,1d
483,-0.9791325497496679,-0.8671989774082404,1.0909175533147406,-0.794926229551689,-0.005207529290729558,0.18225870058168195,-0.9879645686931002,0.4451345755693582,bear_high_vol,lower_caps_bear_short_weak_63d,lower_caps,1d
248,-0.19689888258040233,-0.3595746234596209,0.424374127936042,-0.8473057139661748,-0.0007040170263741966,0.3279569892473118,-0.3125345136567722,0.4032258064516129,bear_high_vol,hourly_lower_caps_bear_short_weak_4h_24bar,hourly_lower_caps,4h
580,-0.16744230815064798,-0.21247526092854319,0.2246607073118911,-0.9457606693704959,-0.0002823644074863082,0.33218390804597697,-0.1973559013837659,0.4017241379310345,bear_high_vol,hourly_sector_bear_short_weak_2h_24bar,hourly_sector,2h
483,-0.4817712791860126,-0.2903328796100779,0.3060067616723707,-0.9487792950174279,-0.00117224844680849,0.21926944690919847,-0.5233574058716662,0.4451345755693582,bear_high_vol,large_caps_momentum_12_1,large_caps,1d
580,-0.31557533884490263,-0.3899639477741652,0.39823688931097334,-0.9792260793541203,-0.0005476612046185767,0.38563218390804593,-0.3936974016459457,0.4862068965517241,bear_high_vol,hourly_lower_caps_momentum_2h_24bar,hourly_lower_caps,2h
248,-0.2060447580514635,-0.37430936552115535,0.3657126600880911,-1.0235067209075932,-0.0007951770471014732,0.27029569892473115,-0.24463720087131535,0.3911290322580645,bear_high_vol,hourly_large_caps_bear_short_weak_4h_24bar,hourly_large_caps,4h
248,-0.09298653688026348,-0.17991254577788962,0.1618693624560721,-1.1114675627805357,-0.000367538047541949,0.3131720430107527,-0.17214745236677864,0.4596774193548387,bear_high_vol,hourly_sector_momentum_4h_24bar,hourly_sector,4h
483,-0.2921376586524357,-0.16495011280693395,0.1447293849222991,-1.139714045599591,-0.0006730586767714205,0.42201518288474804,-0.32635327689509663,0.18012422360248448,bear_high_vol,sector_breakout_55d,sector_etfs,1d
483,-0.534920778115082,-0.3292884374398408,0.2821675111030858,-1.1669962858322838,-0.0014250441128947713,0.29786059351276745,-0.5466161459260048,0.09730848861283643,bear_high_vol,lower_caps_breakout_55d_trend,lower_caps,1d
248,-0.18763059305173269,-0.3444649093016683,0.2855307532426192,-1.206402131433359,-0.0007563464999671768,0.9153225806451613,-0.30713561538619005,0.21774193548387097,bear_high_vol,hourly_large_caps_vwap_reclaim_4h_session,hourly_large_caps,4h
580,-0.2415607213386214,-0.30259831024799055,0.24690630049013798,-1.225559289687211,-0.00043655091955686757,0.3786206896551724,-0.32484968277709514,0.45,bear_high_vol,hourly_large_caps_momentum_2h_24bar,hourly_large_caps,2h
248,-0.27980342181192797,-0.48677978518350995,0.38057864594447083,-1.2790517554538114,-0.0011771457644913152,0.9475806451612904,-0.3826344290529373,0.22983870967741934,bear_high_vol,hourly_lower_caps_vwap_reclaim_4h_session,hourly_lower_caps,4h
483,-0.37330051264073094,-0.216357617679385,0.16850439949255994,-1.2839879453054752,-0.0009104187301897652,0.5424430641821946,-0.3964007599116486,0.13250517598343686,bear_high_vol,large_caps_vwap_reclaim_20d,large_caps,1d
197,-0.3877326732961769,-0.46610281561867617,0.3313973617928168,-1.4064771460373742,-0.0022543160948824102,0.43147208121827413,-0.3877326732961769,0.07614213197969544,bear_normal_vol,lower_caps_vwap_reclaim_20d,lower_caps,1d
1104,-0.31084626080526434,-0.39943035515256187,0.2818673919880208,-1.417086071344987,-0.0003108594848991903,0.2758756038647343,-0.31446092377872226,0.38858695652173914,bear_high_vol,hourly_large_caps_bear_short_weak_1h_24bar,hourly_large_caps,1h
197,-0.1474023923447897,-0.18452864754230902,0.12760169088773857,-1.4461301120582615,-0.0007768209153585532,0.3934010152284264,-0.20531647775390616,0.17766497461928935,bear_normal_vol,sector_breakout_55d,sector_etfs,1d
197,-0.4796682200991236,-0.5664199586313814,0.38527664087800817,-1.4701642885500796,-0.0030165849881916337,0.12657722987672226,-0.5097076734635376,0.26903553299492383,bear_normal_vol,lower_caps_momentum_12_1,lower_caps,1d
197,-0.5344955562361191,-0.6239789044416242,0.3988541664872055,-1.5644286981809434,-0.003552482321673564,0.15138989605994685,-0.5767507577154573,0.2893401015228426,bear_normal_vol,lower_caps_relative_strength_126d,lower_caps,1d
197,-0.29182901580270504,-0.35687036849290865,0.22777026606093412,-1.5667996295769224,-0.0016476368980771635,0.1712593666908388,-0.36338840456165433,0.4873096446700508,bear_normal_vol,large_caps_relative_strength_126d,large_caps,1d
1104,-0.5795088201538332,-0.6947114444971337,0.4415332951261667,-1.5734066992583702,-0.000719192376574309,0.3961352657004831,-0.6098660399222529,0.4365942028985507,bear_high_vol,hourly_lower_caps_momentum_1h_24bar,hourly_lower_caps,1h
580,-0.15488460720866548,-0.19695699814611933,0.124663340058659,-1.5799111274689361,-0.0002798313473430725,0.3235632183908046,-0.18351134363332167,0.4810344827586207,bear_high_vol,hourly_sector_momentum_2h_24bar,hourly_sector,2h
248,-0.27952494506630654,-0.4863764118769597,0.3058075011956933,-1.5904659302837578,-0.001226188436066173,0.3744623655913979,-0.3631631718533125,0.4475806451612903,bear_high_vol,hourly_large_caps_momentum_4h_24bar,hourly_large_caps,4h
197,-0.5540182009033325,-0.6440321696359785,0.3744913756231637,-1.71975167269017,-0.003783497966786455,0.31868503746676335,-0.5540182009033325,0.08629441624365482,bear_normal_vol,lower_caps_breakout_55d_trend,lower_caps,1d
1104,-0.40905448922499776,-0.5134591416416644,0.29735264287089636,-1.7267683807491716,-0.0004472372407846176,0.3506038647342995,-0.4275027250363923,0.43478260869565216,bear_high_vol,hourly_large_caps_momentum_1h_24bar,hourly_large_caps,1h
483,-0.28853391522608307,-0.162734758620673,0.09363726097870555,-1.7379273690810029,-0.0006869931655562038,0.10351966873706005,-0.2961596628219313,0.20910973084886128,bear_high_vol,sector_rotation_regime_defensive,sector_etfs,1d
197,-0.21053835038403168,-0.2609614134819739,0.1464838479319157,-1.7815029927618111,-0.001156657909266016,0.5685279187817259,-0.2850452551740087,0.116751269035533,bear_normal_vol,large_caps_vwap_reclaim_20d,large_caps,1d
580,-0.5581127712203039,-0.6551090321817625,0.3652217503982214,-1.7937295121866674,-0.001310976652473011,0.4390804597701149,-0.591749491131403,0.15862068965517243,bear_high_vol,hourly_lower_caps_breakout_2h_40bar,hourly_lower_caps,2h
1104,-0.2940885867673282,-0.3793403105300486,0.21089278820626214,-1.7987353373081567,-0.0003007457970540674,0.322463768115942,-0.3259985114785655,0.375,bear_high_vol,hourly_sector_bear_short_weak_1h_24bar,hourly_sector,1h
483,-0.5598404360050074,-0.34828537678143956,0.19301111857245265,-1.8044834896425925,-0.0016227146802253495,0.5390564921620823,-0.5628566439162321,0.18012422360248448,bear_high_vol,large_caps_breakout_55d_trend,large_caps,1d
248,-0.3033307318062657,-0.5202779841675839,0.25973513511394264,-2.0031097600228183,-0.001388919477713255,0.5127688172043011,-0.33796665446622554,0.17338709677419356,bear_high_vol,hourly_lower_caps_breakout_4h_40bar,hourly_lower_caps,4h
197,-0.35899006568536573,-0.4338340402824771,0.2161819156849903,-2.0068007950981377,-0.0021622530808242477,0.1496374184191443,-0.3892491333629331,0.41116751269035534,bear_normal_vol,large_caps_momentum_12_1,large_caps,1d
1104,-0.49238247174733196,-0.604894401661043,0.30090077171385443,-2.0102786650087934,-0.0005840402071292186,0.41757246376811596,-0.5207863233277923,0.14221014492753623,bear_high_vol,hourly_lower_caps_breakout_1h_40bar,hourly_lower_caps,1h
197,-0.35558460026614114,-0.42998359165878963,0.20637812178084802,-2.083474682046904,-0.002143805618139982,0.38578680203045684,-0.38752968193139214,0.4416243654822335,bear_normal_vol,sector_rotation_top3_63d,sector_etfs,1d
197,-0.283528950472835,-0.34721243528839196,0.15930638701409852,-2.1795261432780086,-0.001640244667995153,0.5291475304165659,-0.29858869396893994,0.15228426395939088,bear_normal_vol,large_caps_breakout_55d_trend,large_caps,1d
143,-0.3035791002224031,-0.852324572807643,0.38719840853797016,-2.2012605269374723,-0.0024251056055807764,0.3974358974358974,-0.32613689097431087,0.38461538461538464,bear_normal_vol,hourly_lower_caps_momentum_2h_24bar,hourly_lower_caps,2h
1104,-0.6472399001915303,-0.7599821153330105,0.335800204946176,-2.2631972945187,-0.0009061676098219195,1.1159420289855073,-0.6542167969017054,0.223731884057971,bear_high_vol,hourly_lower_caps_vwap_reclaim_1h_session,hourly_lower_caps,1h
248,-0.18075676085765868,-0.33314317754093026,0.14518499575978852,-2.294611614633528,-0.0007826353373699017,0.4475806451612903,-0.2254800184665956,0.13306451612903225,bear_high_vol,hourly_large_caps_breakout_4h_40bar,hourly_large_caps,4h
580,-0.7605491804441337,-0.8448182686985907,0.3603921778992327,-2.344163720819728,-0.0023746676974096097,1.110344827586207,-0.7721353431102771,0.20689655172413793,bear_high_vol,hourly_lower_caps_vwap_reclaim_2h_session,hourly_lower_caps,2h
72,-0.24899152671121483,-0.8652546276471743,0.3665617965200026,-2.3604604622237524,-0.003836223264968038,0.3888888888888889,-0.24309321523016103,0.4305555555555556,bear_normal_vol,hourly_lower_caps_momentum_4h_24bar,hourly_lower_caps,4h
580,-0.541819117544486,-0.6384409674961566,0.2588568391424656,-2.4663863223052855,-0.0013001310491552226,1.0672413793103448,-0.5501359922542022,0.19827586206896552,bear_high_vol,hourly_large_caps_vwap_reclaim_2h_session,hourly_large_caps,2h
248,-0.25649249630422444,-0.4524565015242752,0.17493938949983992,-2.5863614982187255,-0.0011636653943004904,0.8870967741935484,-0.27346759385596286,0.2056451612903226,bear_high_vol,hourly_sector_vwap_reclaim_4h_session,hourly_sector,4h
324,-0.478315453126432,-0.9520004457141945,0.357739648655604,-2.6611544157653197,-0.0019631098039114615,0.3652263374485597,-0.4952884212023341,0.4104938271604938,bear_normal_vol,hourly_lower_caps_momentum_1h_24bar,hourly_lower_caps,1h
143,-0.204642240574611,-0.7019407764534009,0.2603487008175,-2.6961562483288497,-0.0015547495927275058,1.2167832167832169,-0.23564424624446445,0.24475524475524477,bear_normal_vol,hourly_lower_caps_vwap_reclaim_2h_session,hourly_lower_caps,2h
72,-0.08970099335087944,-0.48204923160236113,0.17059664685040285,-2.825666509290026,-0.0012756065871938947,0.20833333333333334,-0.09436439468269664,0.06944444444444445,bear_normal_vol,hourly_lower_caps_breakout_4h_40bar,hourly_lower_caps,4h
72,-0.06500104332086065,-0.37529082579721684,0.12743533001615093,-2.9449511822949974,-0.0009171308262014477,1.0138888888888888,-0.09621773684801571,0.18055555555555555,bear_normal_vol,hourly_sector_vwap_reclaim_4h_session,hourly_sector,4h
580,-0.38902225590501904,-0.4738674580038542,0.15783566706629815,-3.002283747467601,-0.0008325784522400371,0.438735632183908,-0.4328087161025824,0.13793103448275862,bear_high_vol,hourly_large_caps_breakout_2h_40bar,hourly_large_caps,2h
72,-0.1910383704780435,-0.7732770628025138,0.2574060021363933,-3.004114342262978,-0.0028744026375921838,1.0972222222222223,-0.19095971922631294,0.20833333333333334,bear_normal_vol,hourly_lower_caps_vwap_reclaim_4h_session,hourly_lower_caps,4h
72,-0.09134095547981957,-0.4885458858045604,0.16026229315625423,-3.0484144222760667,-0.0013042301847009672,0.43101851851851847,-0.11258867189395783,0.4583333333333333,bear_normal_vol,hourly_large_caps_momentum_4h_24bar,hourly_large_caps,4h
1104,-0.6200736241973391,-0.7343125878057668,0.2359990393555447,-3.1115066815991868,-0.0008579807308339495,1.0389492753623188,-0.6252712131980243,0.19384057971014493,bear_high_vol,hourly_large_caps_vwap_reclaim_1h_session,hourly_large_caps,1h
197,-0.3479419338388847,-0.42132161441920557,0.13330055157923296,-3.1606892051663777,-0.0021330082910822074,0.2554991539763113,-0.3662341449308135,0.3096446700507614,bear_normal_vol,sector_rotation_regime_defensive,sector_etfs,1d
72,-0.05872560811312044,-0.3453431677957133,0.10820997625926337,-3.1914170923417977,-0.0008287029605572417,0.39351851851851843,-0.056705649903064925,0.4444444444444444,bear_normal_vol,hourly_sector_momentum_4h_24bar,hourly_sector,4h
143,-0.13519517382372048,-0.536014823936027,0.16619274632871767,-3.2252600415894626,-0.000997071659908883,0.35174825174825175,-0.12064838889130558,0.3706293706293706,bear_normal_vol,hourly_large_caps_momentum_2h_24bar,hourly_large_caps,2h
143,-0.17771758867242293,-0.6445812004436551,0.19965773066594358,-3.22843096680355,-0.0013410010995501553,0.36247086247086246,-0.18404036921636968,0.1048951048951049,bear_normal_vol,hourly_lower_caps_breakout_2h_40bar,hourly_lower_caps,2h
72,-0.1051895002285449,-0.5406777321010701,0.15665798957667357,-3.4513256142384274,-0.0015183634630158201,0.9444444444444444,-0.14289332984971725,0.16666666666666666,bear_normal_vol,hourly_large_caps_vwap_reclaim_4h_session,hourly_large_caps,4h
248,-0.19644757945368008,-0.358843027252961,0.10054561724042337,-3.5689574255126435,-0.0008714683721531404,0.38575268817204295,-0.19716008964021747,0.0967741935483871,bear_high_vol,hourly_sector_breakout_4h_40bar,hourly_sector,4h
1104,-0.49290011821212243,-0.6054461114410297,0.1681773829279041,-3.6000447914008635,-0.0006055081750115995,0.4455012077294686,-0.5071443757505961,0.14583333333333334,bear_high_vol,hourly_large_caps_breakout_1h_40bar,hourly_large_caps,1h
324,-0.285696818465221,-0.7919734686678606,0.20817003288492889,-3.804454741598871,-0.0010235111120743125,0.36213991769547327,-0.2901927148964767,0.10493827160493827,bear_normal_vol,hourly_lower_caps_breakout_1h_40bar,hourly_lower_caps,1h
1104,-0.529200438442527,-0.643608257234726,0.16515124642235932,-3.8970838620784995,-0.0006730589706883554,0.3783212560386473,-0.5277297101346193,0.3894927536231884,bear_high_vol,hourly_sector_momentum_1h_24bar,hourly_sector,1h
324,-0.4911844985549251,-0.9572816084833928,0.2430541935035916,-3.93855211746942,-0.0020635958013710608,1.126543209876543,-0.4828508279341931,0.1697530864197531,bear_normal_vol,hourly_lower_caps_vwap_reclaim_1h_session,hourly_lower_caps,1h
143,-0.09735290867820567,-0.4181160865826601,0.10569458945261284,-3.9558892157873267,-0.0007086253389044391,0.331002331002331,-0.09406814694234056,0.38461538461538464,bear_normal_vol,hourly_sector_momentum_2h_24bar,hourly_sector,2h
580,-0.2984383853993534,-0.3699793896761159,0.09349239775788387,-3.9573205795218453,-0.0006051465026490276,0.46954022988505745,-0.3184199625928543,0.15344827586206897,bear_high_vol,hourly_sector_breakout_2h_40bar,hourly_sector,2h
72,-0.0951603129995574,-0.5034059795042457,0.1261223984448484,-3.991408232887184,-0.0013721391242820216,0.4722222222222222,-0.10145935918692928,0.1527777777777778,bear_normal_vol,hourly_large_caps_breakout_4h_40bar,hourly_large_caps,4h
580,-0.5541397261846435,-0.6510616102950475,0.1469746099528222,-4.429755659865562,-0.0013774493857423595,1.0724137931034483,-0.562078481472076,0.1706896551724138,bear_high_vol,hourly_sector_vwap_reclaim_2h_session,hourly_sector,2h
324,-0.2914777456367377,-0.7997144363305954,0.16883574950141134,-4.736641609921069,-0.0010535239962806147,0.3950617283950617,-0.2905480398361042,0.4166666666666667,bear_normal_vol,hourly_large_caps_momentum_1h_24bar,hourly_large_caps,1h
72,-0.10890272530266543,-0.5538552281539766,0.11036933831765774,-5.018198320260895,-0.0015880887059795212,0.5601851851851852,-0.11518027159610433,0.125,bear_normal_vol,hourly_sector_breakout_4h_40bar,hourly_sector,4h
1104,-0.697628642269818,-0.8056580561024574,0.1588931457378001,-5.070439334317958,-0.001074498935350591,1.0389492753623188,-0.6973259682380561,0.13949275362318841,bear_high_vol,hourly_sector_vwap_reclaim_1h_session,hourly_sector,1h
324,-0.4039129549530618,-0.9105778333060647,0.1749288372843199,-5.2054186573369865,-0.0015853216272676304,1.0185185185185186,-0.3922588084468408,0.12962962962962962,bear_normal_vol,hourly_large_caps_vwap_reclaim_1h_session,hourly_large_caps,1h
143,-0.09503483421906134,-0.41017239920495485,0.07236697834711843,-5.667949782807084,-0.0006945920575375745,0.45687645687645695,-0.09412896318224362,0.09090909090909091,bear_normal_vol,hourly_sector_breakout_2h_40bar,hourly_sector,2h
143,-0.2544103311749306,-0.788191477769822,0.13787303135013182,-5.716792254811539,-0.002038241989881658,1.055944055944056,-0.2543153101421014,0.11188811188811189,bear_normal_vol,hourly_sector_vwap_reclaim_2h_session,hourly_sector,2h
143,-0.12201817018310745,-0.4973980253661142,0.0864593624924106,-5.752968921205912,-0.0009046449874781295,0.46153846153846156,-0.123781971842304,0.1258741258741259,bear_normal_vol,hourly_large_caps_breakout_2h_40bar,hourly_large_caps,2h
143,-0.21295093587069824,-0.7180374883960498,0.12338890161212805,-5.81930367330114,-0.0016631581626985383,1.0769230769230769,-0.21429456944585845,0.11888111888111888,bear_normal_vol,hourly_large_caps_vwap_reclaim_2h_session,hourly_large_caps,2h
324,-0.22194545585617032,-0.6899867878276045,0.11798898256529489,-5.847891666035573,-0.0007696561734156934,0.36522633744855965,-0.2240649308838777,0.3333333333333333,bear_normal_vol,hourly_sector_momentum_1h_24bar,hourly_sector,1h
324,-0.16763439320091778,-0.5752507776855393,0.09530506367454127,-6.035888918242289,-0.0005631270155860774,0.43209876543209874,-0.16763439320091778,0.1388888888888889,bear_normal_vol,hourly_sector_breakout_1h_40bar,hourly_sector,1h
1104,-0.48834067786382895,-0.6005795000897487,0.09693029991594937,-6.1959934159960905,-0.0006036679002509128,0.4634661835748792,-0.48834067786382895,0.13043478260869565,bear_high_vol,hourly_sector_breakout_1h_40bar,hourly_sector,1h
324,-0.21734800776589014,-0.6813451176579342,0.09515438632140277,-7.160417338582334,-0.0007530996152778989,0.39526748971193415,-0.21252583273692993,0.08641975308641975,bear_normal_vol,hourly_large_caps_breakout_1h_40bar,hourly_large_caps,1h
324,-0.3513591498971159,-0.8673562731609905,0.10166903203343966,-8.531174693152492,-0.0013317276378490952,1.1419753086419753,-0.3545089083626095,0.12345679012345678,bear_normal_vol,hourly_sector_vwap_reclaim_1h_session,hourly_sector,1h
