training_mode,feature_set,feature,mean_coef,median_coef,sign_consistency,folds
expanding,financial_only,capex_to_revenue,-0.02025231529907181,-0.01823683255347384,1.0,10
expanding,financial_only,cash_to_assets,0.04726955587674308,0.047882470058132225,1.0,10
expanding,financial_only,debt_to_assets,0.017187434673913128,0.016465725404379752,1.0,10
expanding,financial_only,ebitda_margin,0.03538464889281802,0.035814949000970306,1.0,10
expanding,financial_only,net_margin,-0.024561955613822843,-0.02656450208473583,1.0,10
expanding,financial_only,operating_margin,-0.03867622050048492,-0.038471345998313276,1.0,10
expanding,financial_only,revenue_growth_accel,-0.0418044106881173,-0.038299678466028705,1.0,6
expanding,financial_only,revenue_growth_yoy,-0.014423963293389328,-0.014344702436565361,0.8,10
expanding,financial_only,cfo_margin,-0.00624907665798494,-0.017025822777867846,0.7,10
expanding,financial_only,current_ratio,-0.004916098939302184,-0.00760965729158929,0.7,10
expanding,financial_only,fcf_margin,0.0006876095780476716,0.011861707786873035,0.7,10
expanding,financial_only,gross_margin,0.009559594797232085,0.0026993581418977334,0.6,10
expanding,financial_only,asset_turnover,0.0032710629997653013,0.0006938869927746331,0.5,10
expanding,financial_only,debt_to_equity,-0.004189104961390215,-0.00026458042350896714,0.5,10
rolling_3y,financial_only,debt_to_assets,0.020122179773818406,0.014792473428604512,0.9,10
rolling_3y,financial_only,revenue_growth_accel,-0.07697243896278282,-0.06089701490632244,0.8333333333333334,6
rolling_3y,financial_only,capex_to_revenue,-0.009825364083257463,-0.012162950771357778,0.8,10
rolling_3y,financial_only,net_margin,-0.0401509439262969,-0.043131309113927756,0.8,10
rolling_3y,financial_only,operating_margin,-0.01647527435642545,-0.019888935791289225,0.8,10
rolling_3y,financial_only,cash_to_assets,0.023922817138886755,0.04020508669879455,0.7,10
rolling_3y,financial_only,gross_margin,0.015336036279129533,0.017345258532300938,0.7,10
rolling_3y,financial_only,asset_turnover,0.0030318355060023503,0.014254103952141339,0.6,10
rolling_3y,financial_only,ebitda_margin,0.00038081442920647813,0.015517909765878201,0.6,10
rolling_3y,financial_only,current_ratio,0.009682120398079233,-0.0004982845065661199,0.5,10
rolling_3y,financial_only,debt_to_equity,-0.00227500593323323,-0.004837941685756219,0.5,10
rolling_3y,financial_only,fcf_margin,-0.005205369846939233,0.010728608232118677,0.4,10
rolling_3y,financial_only,revenue_growth_yoy,0.006750670307098033,-0.014344702436565361,0.4,10
rolling_3y,financial_only,cfo_margin,0.00498387718834817,-0.016586627714690473,0.2,10
rolling_5y,financial_only,debt_to_assets,0.01948256448144136,0.020862618159738104,1.0,10
rolling_5y,financial_only,revenue_growth_accel,-0.05192074086525567,-0.038299678466028705,1.0,6
rolling_5y,financial_only,net_margin,-0.03466100050395106,-0.02656450208473583,0.9,10
rolling_5y,financial_only,cash_to_assets,0.0334174875244743,0.03776023168191138,0.8,10
rolling_5y,financial_only,operating_margin,-0.025461228441496297,-0.03413825928011732,0.8,10
rolling_5y,financial_only,revenue_growth_yoy,-0.013095622809889209,-0.014344702436565361,0.8,10
rolling_5y,financial_only,capex_to_revenue,-0.010235144277317785,-0.01104013449742814,0.7,10
rolling_5y,financial_only,gross_margin,0.01531114290798131,0.010810752104427168,0.7,10
rolling_5y,financial_only,debt_to_equity,-0.006039149769060101,-0.0038125723766221555,0.6,10
rolling_5y,financial_only,ebitda_margin,0.009875328307082041,0.03148900758827578,0.6,10
rolling_5y,financial_only,asset_turnover,0.005297244831489437,0.002539148084762265,0.5,10
rolling_5y,financial_only,current_ratio,0.003974388573435927,-0.006760621160751124,0.4,10
rolling_5y,financial_only,cfo_margin,0.010837234048857915,-0.016586627714690473,0.3,10
rolling_5y,financial_only,fcf_margin,-0.010543171608283948,0.01110421381364099,0.3,10
expanding,financial_plus_price,capex_to_revenue,-0.025469368498499196,-0.02301193489049317,1.0,10
expanding,financial_plus_price,cash_to_assets,0.04452007991396681,0.04870128579843942,1.0,10
expanding,financial_plus_price,debt_to_assets,0.017374803197579634,0.018537344528249997,1.0,10
expanding,financial_plus_price,revenue_growth_accel,-0.025865681161263226,-0.021413703855718787,1.0,6
expanding,financial_plus_price,trailing_6m_return,0.13031207394516303,0.12851006826769532,1.0,10
expanding,financial_plus_price,debt_to_equity,-0.00856773048720923,-0.005522598925307619,0.9,10
expanding,financial_plus_price,operating_margin,-0.022533730591271308,-0.02061938141721386,0.9,10
expanding,financial_plus_price,trailing_12m_return,-0.03869650456611485,-0.04486211854861547,0.9,10
expanding,financial_plus_price,drawdown_12m,-0.018944003093417462,-0.018288842832330333,0.8,10
expanding,financial_plus_price,ebitda_margin,0.022348039882815234,0.02427787446663031,0.8,10
expanding,financial_plus_price,realized_vol_3m,0.09448999718174098,0.07905652457353429,0.8,10
expanding,financial_plus_price,trailing_3m_return,-0.04951035540938023,-0.03215157077441067,0.8,10
expanding,financial_plus_price,asset_turnover,0.005927613522620627,0.008464050064696561,0.7,10
expanding,financial_plus_price,cfo_margin,-0.006058197997358116,-0.018178802896339212,0.7,10
expanding,financial_plus_price,current_ratio,-0.01041443956279721,-0.013691575004975354,0.7,10
expanding,financial_plus_price,relative_6m_vs_spy,-0.032553185565559827,-0.03187406322411675,0.7,10
expanding,financial_plus_price,revenue_growth_yoy,-0.012881430154897164,-0.009319618130612266,0.7,10
expanding,financial_plus_price,fcf_margin,0.0006905492750590326,0.004791682311417378,0.6,10
expanding,financial_plus_price,growth_x_fcf_margin,-0.007954177354941003,-0.006007242116732158,0.6,10
expanding,financial_plus_price,growth_x_trailing_6m,-0.004070054462162976,-0.0055698524623209195,0.6,10
expanding,financial_plus_price,net_margin,-0.0062837595410754786,-0.0022624145726020855,0.5,10
expanding,financial_plus_price,gross_margin,0.00301445456732856,-0.0018551083775362807,0.4,10
rolling_3y,financial_plus_price,debt_to_assets,0.019906890989217014,0.014298294417649352,0.9,10
rolling_3y,financial_plus_price,revenue_growth_accel,-0.05088866813201567,-0.03716327270020302,0.8333333333333334,6
rolling_3y,financial_plus_price,trailing_6m_return,0.09744340511904086,0.0757724085000664,0.8,10
rolling_3y,financial_plus_price,asset_turnover,0.007269188010749844,0.014533691677751393,0.7,10
rolling_3y,financial_plus_price,capex_to_revenue,-0.014568229451967877,-0.013266583184148988,0.7,10
rolling_3y,financial_plus_price,cash_to_assets,0.023132008184609414,0.041176185415729094,0.7,10
rolling_3y,financial_plus_price,drawdown_12m,-0.054571613317608916,-0.047325438474332876,0.7,10
rolling_3y,financial_plus_price,fcf_margin,0.0031963518833502623,0.010633505634211886,0.7,10
rolling_3y,financial_plus_price,gross_margin,0.007751603440614816,0.008323153720405948,0.7,10
rolling_3y,financial_plus_price,trailing_12m_return,-0.0215992770411964,-0.013026164598545335,0.7,10
rolling_3y,financial_plus_price,debt_to_equity,-0.002835426558873251,-0.008198659419887056,0.6,10
rolling_3y,financial_plus_price,realized_vol_3m,0.06916834189846817,0.06805655369950443,0.6,10
rolling_3y,financial_plus_price,current_ratio,0.003119458453296365,-0.0007444143541657541,0.5,10
rolling_3y,financial_plus_price,growth_x_fcf_margin,-0.008634951677665597,-0.005390002364809201,0.5,10
rolling_3y,financial_plus_price,growth_x_trailing_6m,0.0019205308271734545,-0.005921153043070741,0.5,10
rolling_3y,financial_plus_price,net_margin,-0.002765672260474292,0.0021278481618769163,0.5,10
rolling_3y,financial_plus_price,operating_margin,-0.007822595655305017,-0.005480610722223472,0.5,10
rolling_3y,financial_plus_price,relative_6m_vs_spy,-0.005632514609980088,-0.008988380553347972,0.5,10
rolling_3y,financial_plus_price,trailing_3m_return,-0.03474175724794322,-0.014508267473845048,0.5,10
rolling_3y,financial_plus_price,ebitda_margin,-0.016129344226281244,0.0067462928923729916,0.4,10
rolling_3y,financial_plus_price,revenue_growth_yoy,0.00434128119484959,-0.006607884858570101,0.4,10
rolling_3y,financial_plus_price,cfo_margin,0.0009054794095710881,-0.017164081746195527,0.3,10
rolling_5y,financial_plus_price,debt_to_assets,0.021995077940186923,0.024225245667023637,1.0,10
rolling_5y,financial_plus_price,revenue_growth_accel,-0.03851816505006256,-0.023674742920575614,1.0,6
rolling_5y,financial_plus_price,trailing_6m_return,0.14942627075242954,0.12645975904465254,1.0,10
rolling_5y,financial_plus_price,trailing_12m_return,-0.04017144700478307,-0.04285976480100534,0.9,10
rolling_5y,financial_plus_price,cash_to_assets,0.029887125712076433,0.04401485362674381,0.8,10
rolling_5y,financial_plus_price,debt_to_equity,-0.007817950466789288,-0.0049526405770600945,0.8,10
rolling_5y,financial_plus_price,drawdown_12m,-0.03914586104194199,-0.025640088644536728,0.8,10
rolling_5y,financial_plus_price,realized_vol_3m,0.11655518952102435,0.09163947695707242,0.8,10
rolling_5y,financial_plus_price,asset_turnover,0.007234465825643693,0.00818155327475259,0.7,10
rolling_5y,financial_plus_price,capex_to_revenue,-0.011438869278055435,-0.018318549410836688,0.7,10
rolling_5y,financial_plus_price,current_ratio,-0.005089665029569755,-0.016231138330179737,0.7,10
rolling_5y,financial_plus_price,fcf_margin,0.00430150809618531,0.010076516438310687,0.7,10
rolling_5y,financial_plus_price,gross_margin,0.008042404032098221,0.0033666245862923943,0.7,10
rolling_5y,financial_plus_price,operating_margin,-0.01418333124185645,-0.02683321261734986,0.7,10
rolling_5y,financial_plus_price,relative_6m_vs_spy,-0.04291352163905189,-0.03435732477582784,0.7,10
rolling_5y,financial_plus_price,revenue_growth_yoy,-0.014806749605593712,-0.009938201320042327,0.7,10
rolling_5y,financial_plus_price,trailing_3m_return,-0.05529999443566068,-0.02102673462335335,0.7,10
rolling_5y,financial_plus_price,growth_x_fcf_margin,-0.010228103031703408,-0.0021670086940349534,0.5,10
rolling_5y,financial_plus_price,growth_x_trailing_6m,0.0096676442927302,-0.0008961980219220648,0.5,10
rolling_5y,financial_plus_price,net_margin,-0.0019149240799414154,-0.0018091928029234806,0.5,10
rolling_5y,financial_plus_price,ebitda_margin,-0.010394603998698607,0.010264750958325648,0.4,10
rolling_5y,financial_plus_price,cfo_margin,0.0025289177266581086,-0.019078878715516636,0.3,10
expanding,price_only,trailing_6m_return,0.12944050161862292,0.12518511890861178,1.0,10
expanding,price_only,drawdown_12m,-0.022024380364694285,-0.02147252595048724,0.8,10
expanding,price_only,realized_vol_3m,0.10175136484269391,0.08528045587982537,0.8,10
expanding,price_only,trailing_12m_return,-0.03431800217534906,-0.037205267601578954,0.8,10
expanding,price_only,trailing_3m_return,-0.04819343330386689,-0.03485107890640775,0.8,10
expanding,price_only,growth_x_fcf_margin,-0.012216461889842992,-0.007764283894437656,0.7,10
expanding,price_only,growth_x_trailing_6m,-0.011890770926676618,-0.0135697135680455,0.6,10
expanding,price_only,relative_6m_vs_spy,-0.02612607931565905,-0.02666948841670841,0.6,10
rolling_3y,price_only,drawdown_12m,-0.06025519259339196,-0.052395660863170664,0.7,10
rolling_3y,price_only,growth_x_fcf_margin,-0.013766148546397355,-0.007515065535605241,0.7,10
rolling_3y,price_only,growth_x_trailing_6m,-0.009182688190131025,-0.018310941432167497,0.7,10
rolling_3y,price_only,trailing_6m_return,0.0947872821785128,0.06747356448921242,0.7,10
rolling_3y,price_only,realized_vol_3m,0.07926852565802846,0.0736320961599523,0.6,10
rolling_3y,price_only,relative_6m_vs_spy,-0.001848014000378892,0.002898638227316846,0.5,10
rolling_3y,price_only,trailing_12m_return,-0.01289911989083201,-0.009995080871719948,0.5,10
rolling_3y,price_only,trailing_3m_return,-0.02361843005838233,-0.013617544040813633,0.5,10
rolling_5y,price_only,trailing_6m_return,0.14938001888234406,0.12398269085514034,1.0,10
rolling_5y,price_only,drawdown_12m,-0.04050409665496921,-0.03733038031592289,0.8,10
rolling_5y,price_only,realized_vol_3m,0.1279908128926218,0.1004920193703219,0.8,10
rolling_5y,price_only,trailing_12m_return,-0.03537092976458221,-0.03651581485103718,0.8,10
rolling_5y,price_only,growth_x_fcf_margin,-0.021419483635437785,-0.007764283894437656,0.7,10
rolling_5y,price_only,trailing_3m_return,-0.04986885005466594,-0.02404841752311373,0.7,10
rolling_5y,price_only,growth_x_trailing_6m,-0.001345834096846828,-0.00890329142111271,0.6,10
rolling_5y,price_only,relative_6m_vs_spy,-0.03953291143965566,-0.028729597844433886,0.6,10
