feature_set,forward_window,regression_bucket,observations,test_years,oos_r2,pearson_corr,spearman_corr,top_quintile_mean_return,top_quintile_median_return,top_quintile_hit_rate,bottom_quintile_mean_return,top_minus_bottom_mean
financial_price,fwd_12m_return,all,4605,10,0.03630131942049075,0.20893526139813937,0.21174826604583608,0.36271385840787396,0.2489209072195368,0.7372421281216069,0.06293559590929847,0.2997782624985755
price_only,fwd_12m_return,all,4605,10,0.04846642125820266,0.22620267135378408,0.22744065431319746,0.42277359272849907,0.3088510056580917,0.7828447339847991,0.06773093998659126,0.3550426527419078
quality_growth_price,fwd_12m_return,all,4605,10,0.05015166797521142,0.2394885386586353,0.23022250117900558,0.3416690348583466,0.2218272926792548,0.743756786102063,0.06709111315758653,0.27457792170076006
rich_fundamental,fwd_12m_return,all,4605,10,-0.013716621989480426,0.1316370933723616,0.1021234817013613,0.24157107638034722,0.1372615483344874,0.6905537459283387,0.09477463160968437,0.14679644477066284
rich_fundamental_price,fwd_12m_return,all,4605,10,0.04220040136210024,0.22591948050053523,0.21088321789150863,0.38493243916187714,0.2577894036542949,0.742671009771987,0.06183186589683161,0.32310057326504554
financial_price,fwd_12m_return,large_cap,2101,10,0.05760878252664969,0.26150957486096427,0.247194748651053,0.46144150577885223,0.3145986796006006,0.7672209026128266,0.09679953794935145,0.36464196782950076
price_only,fwd_12m_return,large_cap,2101,10,0.06208183787104404,0.25893102272803475,0.25454506507933555,0.5020334855261553,0.3411764908089669,0.7957244655581948,0.10144936667324563,0.40058411885290973
quality_growth_price,fwd_12m_return,large_cap,2101,10,0.06691735857550507,0.2856889103734637,0.243882068882841,0.4522942231147371,0.2960655666558094,0.7814726840855107,0.12786852353009245,0.3244256995846446
rich_fundamental,fwd_12m_return,large_cap,2101,10,-0.03837815059766503,0.14892300567959926,0.12778377612748903,0.3134648021066099,0.1927552414651672,0.7505938242280285,0.13995338872482332,0.17351141338178655
rich_fundamental_price,fwd_12m_return,large_cap,2101,10,0.033967310610872326,0.24008409936588204,0.22209363528904627,0.4300090581989062,0.3082046793682886,0.7553444180522565,0.10437813720064437,0.32563092099826185
financial_price,fwd_12m_return,mid_cap,2302,10,-0.004849063539786425,0.14469647521136972,0.17785889076272715,0.2481862869238391,0.1393621531753301,0.6984815618221258,0.06339108748280829,0.1847951994410308
price_only,fwd_12m_return,mid_cap,2302,10,0.011659305294271283,0.16137497135247775,0.18730431979670714,0.29333644883426035,0.1908102656034886,0.7158351409978309,0.0655019615531971,0.22783448728106326
quality_growth_price,fwd_12m_return,mid_cap,2302,10,0.01665244003562849,0.1760804923241326,0.17889716698841782,0.22457874080399098,0.1572062788376416,0.6963123644251626,0.06262914103604816,0.16194959976794282
rich_fundamental,fwd_12m_return,mid_cap,2302,10,-0.02933739971448568,0.07133598815577262,0.05311088529896797,0.18340552648234257,0.115544392927867,0.6767895878524945,0.10928482059672197,0.0741207058856206
rich_fundamental_price,fwd_12m_return,mid_cap,2302,10,-0.012944992692387025,0.14528988100811746,0.15633267221413005,0.2476759205244569,0.1513611684854212,0.7093275488069414,0.06612171847827278,0.1815542020461841
financial_price,fwd_3m_return,all,5122,12,-0.05314079701294938,0.00046827446559736326,-0.013268820952925536,0.05629961305179613,0.0351913464807009,0.584390243902439,0.04294116525069449,0.013358447801101639
price_only,fwd_3m_return,all,5122,12,-0.024523945006410974,0.043945261734674015,0.02188390249852362,0.0670124793764076,0.0543142763917439,0.6302439024390244,0.036487160044881485,0.030525319331526114
quality_growth_price,fwd_3m_return,all,5122,12,-0.036969111667508825,0.05098405894711373,0.06279363798963467,0.06183890678201002,0.0521148545032035,0.6341463414634146,0.037407128873672556,0.024431777908337463
rich_fundamental,fwd_3m_return,all,5122,12,-0.07317107447972537,-0.037383215290198335,-0.04886053459603328,0.03668394146871879,0.0217359764723115,0.5639024390243902,0.043686157875359816,-0.007002216406641025
rich_fundamental_price,fwd_3m_return,all,5122,12,-0.09786186426031573,-0.0388918110070542,-0.033340986016189185,0.03817047378076725,0.0185766158853153,0.5492682926829269,0.04771433187691346,-0.009543858096146204
financial_price,fwd_3m_return,large_cap,2336,12,-0.05221953466348572,0.02580597985593487,0.005486221484752977,0.058756576567342386,0.0447437281512601,0.6004273504273504,0.042660633350125335,0.01609594321721705
price_only,fwd_3m_return,large_cap,2336,12,-0.017630593482008683,0.06641245676947252,0.027306376134644383,0.09231090271164329,0.0722267245920862,0.6752136752136753,0.04735981614947645,0.044951086562166835
quality_growth_price,fwd_3m_return,large_cap,2336,12,-0.042930621339246855,0.053184836744354494,0.04338130117575142,0.07834151068145748,0.060448464361226154,0.6324786324786325,0.04078847924811679,0.03755303143334069
rich_fundamental,fwd_3m_return,large_cap,2336,12,-0.07568034480611785,-0.026408655681374814,-0.04806546385765394,0.0461680778837883,0.0295862056421565,0.5683760683760684,0.053111069364559796,-0.006942991480771495
rich_fundamental_price,fwd_3m_return,large_cap,2336,12,-0.11126880456398491,-0.02594638887227104,-0.04133021096710537,0.0455878321877741,0.02766640555672345,0.5491452991452992,0.05203602849464783,-0.006448196306873731
financial_price,fwd_3m_return,mid_cap,2559,12,-0.07564755730402717,-0.02569969554913278,-0.031051825090491456,0.041372465786044706,0.016194004117224,0.55078125,0.0414022080336462,-2.9742247601494132e-05
price_only,fwd_3m_return,mid_cap,2559,12,-0.047092467045341646,-0.008152682965484359,-0.004108457238720535,0.05024617907636251,0.04404533798516305,0.6015625,0.03753733780063074,0.01270884127573177
quality_growth_price,fwd_3m_return,mid_cap,2559,12,-0.03441803503713947,0.06125531554126856,0.06963007178362347,0.048070481855587245,0.031186833333274048,0.60546875,0.02637246822946546,0.021698013626121785
rich_fundamental,fwd_3m_return,mid_cap,2559,12,-0.10227011716547696,-0.039841214142545336,-0.06457728983687686,0.02392747924348452,0.01256126711990585,0.541015625,0.04120368061833715,-0.017276201374852633
rich_fundamental_price,fwd_3m_return,mid_cap,2559,12,-0.11905133010484059,-0.03385728170821291,-0.04472837941125788,0.03418720236117513,0.01391245910439415,0.544921875,0.036707102659418483,-0.002519900298243352
financial_price,fwd_6m_return,all,5080,11,-0.042913096824327646,0.05013830178391782,-0.04774972745704032,0.11668784535761666,0.059566214467247955,0.5885826771653543,0.0902271262455511,0.02646071911206556
price_only,fwd_6m_return,all,5080,11,-0.023280216878082793,0.06920322984004616,-0.05594934519861729,0.13658441052667739,0.0986771980352715,0.6358267716535433,0.09208127737909551,0.04450313314758188
quality_growth_price,fwd_6m_return,all,5080,11,-0.04146886404594796,0.06780768349570364,0.004040420057288282,0.1276962050720092,0.0784659113179363,0.6338582677165354,0.06864589872591143,0.059050306346097786
rich_fundamental,fwd_6m_return,all,5080,11,-0.060429847790476776,0.012353408448527597,-0.014704451704376401,0.08409049832458866,0.05250235957596665,0.6200787401574803,0.06530569123493984,0.018784807089648817
rich_fundamental_price,fwd_6m_return,all,5080,11,-0.07593629163047888,0.0322412907614036,-0.04396557409052283,0.11382520634213726,0.062031236043351756,0.5915354330708661,0.08050504105029051,0.033320165291846754
financial_price,fwd_6m_return,large_cap,2314,11,-0.033277490464123316,0.10157983475139978,-0.006926657568123325,0.17161414796830002,0.1210862849985978,0.6695464362850972,0.10789190271023842,0.0637222452580616
price_only,fwd_6m_return,large_cap,2314,11,-0.010321066125746459,0.12217601758130188,-0.009829956441025791,0.19285386454921927,0.1267949608752563,0.7062634989200864,0.10805520107820768,0.08479866347101159
quality_growth_price,fwd_6m_return,large_cap,2314,11,-0.03674044611230709,0.09469033429384578,0.019652371801996187,0.1502900023236354,0.0943917393291713,0.6285097192224622,0.0935472515748244,0.05674275074881101
rich_fundamental,fwd_6m_return,large_cap,2314,11,-0.07913593711251732,-0.004741378336093525,-0.016207414394612984,0.09232521497716675,0.0672420197319789,0.6220302375809935,0.08902170627213978,0.003303508705026978
rich_fundamental_price,fwd_6m_return,large_cap,2314,11,-0.09001281027634467,0.05178392581017326,-0.021242516493134543,0.13555841935839902,0.0883604183199806,0.6112311015118791,0.0921375444696466,0.04342087488875242
financial_price,fwd_6m_return,mid_cap,2540,11,-0.08872431083568588,-0.035359405011782995,-0.08575756156345067,0.07082555022685613,0.028292772722326498,0.5492125984251969,0.08204766363908698,-0.011222113412230852
price_only,fwd_6m_return,mid_cap,2540,11,-0.06760624987047215,-0.028135316919147207,-0.0944133025787773,0.07692805966526452,0.03854800344613915,0.5610236220472441,0.09449944584250865,-0.01757138617724413
quality_growth_price,fwd_6m_return,mid_cap,2540,11,-0.05119770577355465,0.05117678333186033,0.018493998618346552,0.10897893406923559,0.07241534251890025,0.6417322834645669,0.05637690397540132,0.05260203009383427
rich_fundamental,fwd_6m_return,mid_cap,2540,11,-0.08566274351661063,-0.004605272838301205,-0.02482345133465028,0.06445505414412309,0.0336363476819225,0.5846456692913385,0.06313415311846407,0.001320901025659016
rich_fundamental_price,fwd_6m_return,mid_cap,2540,11,-0.11874132179928765,-0.02265073245470455,-0.06707827505761976,0.06663843425903827,0.02789691129739985,0.5452755905511811,0.07309160402988128,-0.006453169770843009
