feature_set,transform,training_mode,feature,mean_coef,median_coef,sign_consistency,folds
financial_only,rank,expanding,asset_turnover,0.034331740776715455,0.026991634712581154,1.0,10
financial_only,rank,expanding,cash_to_assets,0.0990446098572418,0.10487065194462307,1.0,10
financial_only,rank,expanding,gross_margin,0.06285238078880749,0.05513941123857636,1.0,10
financial_only,rank,expanding,net_margin,-0.0690446537460597,-0.06485672201347231,1.0,10
financial_only,rank,expanding,revenue_growth_accel,-0.18348108570469332,-0.16212048361718595,1.0,6
financial_only,rank,expanding,ebitda_margin,0.04447915546885969,0.05405300106757528,0.9,10
financial_only,rank,expanding,operating_margin,-0.08654260711934283,-0.09548583943449347,0.9,10
financial_only,rank,expanding,fcf_margin,0.010698251432865909,0.006780693467882199,0.8,10
financial_only,rank,expanding,capex_to_revenue,-0.04764799347732756,-0.061318377155373735,0.7,10
financial_only,rank,expanding,current_ratio,-0.006404146862043639,-0.009200786430880056,0.7,10
financial_only,rank,expanding,debt_to_assets,0.027263811734137954,0.03577644880875736,0.7,10
financial_only,rank,expanding,debt_to_equity,-0.008791208105806447,-0.0055939485707967975,0.6,10
financial_only,rank,expanding,revenue_growth_yoy,-0.027365935012411517,-0.007277287591265569,0.6,10
financial_only,rank,expanding,cfo_margin,0.0017999136086624258,0.0016372972270541012,0.5,10
financial_only,rank,rolling_2y,revenue_growth_accel,-0.1242340390520211,-0.05778758905431569,1.0,8
financial_only,rank,rolling_2y,net_margin,-0.06315709402533307,-0.023804948254570794,0.8,10
financial_only,rank,rolling_2y,capex_to_revenue,-0.009279433208626998,-0.03152076168833519,0.7,10
financial_only,rank,rolling_2y,cash_to_assets,0.03987104888819544,0.042078800683668524,0.7,10
financial_only,rank,rolling_2y,cfo_margin,-0.007487179719334926,-0.012214457051639533,0.7,10
financial_only,rank,rolling_2y,current_ratio,0.042165999469772765,0.03308155240381022,0.7,10
financial_only,rank,rolling_2y,gross_margin,0.032866694912503304,0.04538653297615848,0.7,10
financial_only,rank,rolling_2y,operating_margin,-0.04970767732927965,-0.036933379874651825,0.7,10
financial_only,rank,rolling_2y,asset_turnover,0.020472736571585333,0.04039582781686088,0.6,10
financial_only,rank,rolling_2y,debt_to_assets,0.01566150473491986,0.026524673031919584,0.6,10
financial_only,rank,rolling_2y,debt_to_equity,0.017182084284124533,0.006134018510609484,0.6,10
financial_only,rank,rolling_2y,ebitda_margin,-0.03920368754939319,-0.000425669872048114,0.5,10
financial_only,rank,rolling_2y,revenue_growth_yoy,0.02403305873744708,0.019345054466055462,0.5,10
financial_only,rank,rolling_2y,fcf_margin,-0.0018341956217439409,0.01726284180921365,0.4,10
financial_only,rank,rolling_3y,net_margin,-0.07922945811076336,-0.07099217511893233,0.9,10
financial_only,rank,rolling_3y,revenue_growth_accel,-0.20995692577724834,-0.16783245415167036,0.8333333333333334,6
financial_only,rank,rolling_3y,cash_to_assets,0.04059292802784285,0.06311232839799795,0.8,10
financial_only,rank,rolling_3y,gross_margin,0.050875154683322835,0.04566262443539061,0.8,10
financial_only,rank,rolling_3y,operating_margin,-0.04581711760829922,-0.04915153492697297,0.8,10
financial_only,rank,rolling_3y,asset_turnover,0.030306045506956942,0.038412647253448284,0.7,10
financial_only,rank,rolling_3y,revenue_growth_yoy,-0.007859206546982345,-0.02136646522488333,0.7,10
financial_only,rank,rolling_3y,capex_to_revenue,-0.0027969026824922515,-0.030967704503870402,0.6,10
financial_only,rank,rolling_3y,cfo_margin,0.007283263122384831,0.004433927432981331,0.6,10
financial_only,rank,rolling_3y,current_ratio,0.03159730464433807,0.028933711456947907,0.6,10
financial_only,rank,rolling_3y,debt_to_assets,0.01516665204506255,0.010948516708485755,0.6,10
financial_only,rank,rolling_3y,debt_to_equity,0.008347352971164337,0.01702851412984651,0.6,10
financial_only,rank,rolling_3y,ebitda_margin,-0.02575742803548332,-0.012942238394608348,0.6,10
financial_only,rank,rolling_3y,fcf_margin,-0.0072777153810935245,0.004748564698036798,0.4,10
financial_only,rank,rolling_5y,asset_turnover,0.035511428423047546,0.03654599588778606,1.0,10
financial_only,rank,rolling_5y,gross_margin,0.06287279592262722,0.05066049588032352,1.0,10
financial_only,rank,rolling_5y,revenue_growth_accel,-0.1974871462555602,-0.16212048361718595,1.0,6
financial_only,rank,rolling_5y,net_margin,-0.08980425096207806,-0.07115625530586346,0.9,10
financial_only,rank,rolling_5y,operating_margin,-0.06486173824164018,-0.07472301052650678,0.9,10
financial_only,rank,rolling_5y,revenue_growth_yoy,-0.049328551395953546,-0.01170002547932165,0.8,10
financial_only,rank,rolling_5y,cash_to_assets,0.061155621225000026,0.0814330830634686,0.7,10
financial_only,rank,rolling_5y,current_ratio,0.022546902821488152,0.011767174176220155,0.7,10
financial_only,rank,rolling_5y,debt_to_assets,0.01838407516066518,0.024392979003700063,0.7,10
financial_only,rank,rolling_5y,ebitda_margin,0.0009716093782102919,0.01701578070580463,0.7,10
financial_only,rank,rolling_5y,capex_to_revenue,-0.008216835420394732,-0.03759596517261415,0.6,10
financial_only,rank,rolling_5y,cfo_margin,0.02197278909173753,0.017427116107145785,0.6,10
financial_only,rank,rolling_5y,debt_to_equity,-0.002359724608475301,-0.003067605050319948,0.5,10
financial_only,rank,rolling_5y,fcf_margin,-0.014865084208262385,-0.009295484015816953,0.5,10
financial_only,robust_z,expanding,cash_to_assets,0.05352602171932561,0.05182247298993667,1.0,10
financial_only,robust_z,expanding,ebitda_margin,0.059871561145596976,0.06761814315824902,1.0,10
financial_only,robust_z,expanding,gross_margin,0.02026709410724554,0.011973483365358755,1.0,10
financial_only,robust_z,expanding,revenue_growth_accel,-0.05476383108173888,-0.05353285828171187,1.0,6
financial_only,robust_z,expanding,net_margin,-0.03140616205237962,-0.027900363268664324,0.9,10
financial_only,robust_z,expanding,operating_margin,-0.058373127798290535,-0.07089504641024033,0.9,10
financial_only,robust_z,expanding,debt_to_equity,0.00852743866214635,0.01386893458617639,0.8,10
financial_only,robust_z,expanding,asset_turnover,0.006877952632785336,0.0037464988563221486,0.7,10
financial_only,robust_z,expanding,capex_to_revenue,-0.016824340253675334,-0.01893220657008024,0.7,10
financial_only,robust_z,expanding,revenue_growth_yoy,-0.013248448436915156,-0.008475231156425907,0.7,10
financial_only,robust_z,expanding,cfo_margin,0.0009580445266718296,0.004092329137783857,0.6,10
financial_only,robust_z,expanding,fcf_margin,-0.0059141622774055245,-0.008070272696336141,0.6,10
financial_only,robust_z,expanding,current_ratio,0.00088543239599922,-0.0002877735993467189,0.5,10
financial_only,robust_z,expanding,debt_to_assets,0.0010292892344527297,0.00047193059176337535,0.5,10
financial_only,robust_z,rolling_2y,capex_to_revenue,-0.012424273023635805,-0.02067666005602006,0.8,10
financial_only,robust_z,rolling_2y,net_margin,-0.05237169791964744,-0.03026549032417761,0.8,10
financial_only,robust_z,rolling_2y,revenue_growth_accel,-0.06435458091319773,-0.023524491048355273,0.75,8
financial_only,robust_z,rolling_2y,cash_to_assets,0.02369017823536554,0.026535464521443956,0.7,10
financial_only,robust_z,rolling_2y,debt_to_assets,0.013280279348174578,0.0276284396623412,0.7,10
financial_only,robust_z,rolling_2y,gross_margin,0.024445507708955972,0.022907639527244564,0.7,10
financial_only,robust_z,rolling_2y,asset_turnover,0.002811543575810998,0.01009105013443217,0.6,10
financial_only,robust_z,rolling_2y,current_ratio,0.018565518863055002,0.012329173528459227,0.6,10
financial_only,robust_z,rolling_2y,debt_to_equity,0.009841510984235408,0.011173882460300115,0.6,10
financial_only,robust_z,rolling_2y,operating_margin,-0.017437364575550524,-0.026124673310958427,0.6,10
financial_only,robust_z,rolling_2y,cfo_margin,0.021356674216063017,0.001726096122974429,0.5,10
financial_only,robust_z,rolling_2y,ebitda_margin,-0.015108670915004526,0.005988925154946711,0.5,10
financial_only,robust_z,rolling_2y,fcf_margin,-0.012961491454627688,0.008705048558977925,0.5,10
financial_only,robust_z,rolling_2y,revenue_growth_yoy,0.013530412280649693,-0.005963997943618937,0.5,10
financial_only,robust_z,rolling_3y,revenue_growth_accel,-0.09067648146724565,-0.06380341438027325,0.8333333333333334,6
financial_only,robust_z,rolling_3y,gross_margin,0.029175142710214846,0.02328299524190903,0.8,10
financial_only,robust_z,rolling_3y,net_margin,-0.05548038179680624,-0.05486949923044897,0.8,10
financial_only,robust_z,rolling_3y,asset_turnover,0.008867945343666864,0.018778302024275113,0.7,10
financial_only,robust_z,rolling_3y,capex_to_revenue,-0.0024784553119152493,-0.019780597170594605,0.7,10
financial_only,robust_z,rolling_3y,cash_to_assets,0.025438055453906438,0.045075674446628675,0.7,10
financial_only,robust_z,rolling_3y,current_ratio,0.013981141227599502,0.00612135820149492,0.7,10
financial_only,robust_z,rolling_3y,debt_to_equity,0.008922902454944783,0.018058812148555245,0.7,10
financial_only,robust_z,rolling_3y,cfo_margin,0.002845593401112552,0.007141268091150293,0.6,10
financial_only,robust_z,rolling_3y,debt_to_assets,0.004192271894179518,0.002018879769324141,0.6,10
financial_only,robust_z,rolling_3y,fcf_margin,0.004541864858308227,0.0028303496934463344,0.6,10
financial_only,robust_z,rolling_3y,operating_margin,-0.017882708401569865,-0.03859056166572185,0.6,10
financial_only,robust_z,rolling_3y,ebitda_margin,-0.00300390726335971,0.024096362254218198,0.4,10
financial_only,robust_z,rolling_3y,revenue_growth_yoy,0.0028369673428479485,-0.010130856583550873,0.4,10
financial_only,robust_z,rolling_5y,revenue_growth_accel,-0.0631809537911963,-0.05353285828171187,1.0,6
financial_only,robust_z,rolling_5y,gross_margin,0.02917028766501395,0.027906854456222693,0.9,10
financial_only,robust_z,rolling_5y,net_margin,-0.051124523396233634,-0.03513817880521312,0.9,10
financial_only,robust_z,rolling_5y,cash_to_assets,0.03767630163851521,0.04374648258080291,0.8,10
financial_only,robust_z,rolling_5y,debt_to_equity,0.007453166624555032,0.01164778035661308,0.8,10
financial_only,robust_z,rolling_5y,asset_turnover,0.010939586749174796,0.007617568833239498,0.7,10
financial_only,robust_z,rolling_5y,ebitda_margin,0.026635446878194823,0.04687811910117172,0.7,10
financial_only,robust_z,rolling_5y,operating_margin,-0.038965226378711235,-0.04860780096748539,0.7,10
financial_only,robust_z,rolling_5y,revenue_growth_yoy,-0.01627796207765994,-0.008475231156425907,0.7,10
financial_only,robust_z,rolling_5y,capex_to_revenue,-0.004349831958017159,-0.017092521355868865,0.6,10
financial_only,robust_z,rolling_5y,cfo_margin,0.005144882756205762,0.009316154289146417,0.6,10
financial_only,robust_z,rolling_5y,current_ratio,0.009524508546247503,0.0019617284377616393,0.6,10
financial_only,robust_z,rolling_5y,debt_to_assets,0.002178035189708587,0.0020747442255407305,0.6,10
financial_only,robust_z,rolling_5y,fcf_margin,-0.002510105818661915,-0.010408782226190733,0.6,10
financial_only,winsor_z,expanding,capex_to_revenue,-0.02025231529907181,-0.01823683255347384,1.0,10
financial_only,winsor_z,expanding,cash_to_assets,0.04726955587674308,0.047882470058132225,1.0,10
financial_only,winsor_z,expanding,debt_to_assets,0.017187434673913128,0.016465725404379752,1.0,10
financial_only,winsor_z,expanding,ebitda_margin,0.03538464889281802,0.035814949000970306,1.0,10
financial_only,winsor_z,expanding,net_margin,-0.024561955613822843,-0.02656450208473583,1.0,10
financial_only,winsor_z,expanding,operating_margin,-0.03867622050048492,-0.038471345998313276,1.0,10
financial_only,winsor_z,expanding,revenue_growth_accel,-0.0418044106881173,-0.038299678466028705,1.0,6
financial_only,winsor_z,expanding,revenue_growth_yoy,-0.014423963293389328,-0.014344702436565361,0.8,10
financial_only,winsor_z,expanding,cfo_margin,-0.00624907665798494,-0.017025822777867846,0.7,10
financial_only,winsor_z,expanding,current_ratio,-0.004916098939302184,-0.00760965729158929,0.7,10
financial_only,winsor_z,expanding,fcf_margin,0.0006876095780476716,0.011861707786873035,0.7,10
financial_only,winsor_z,expanding,gross_margin,0.009559594797232085,0.0026993581418977334,0.6,10
financial_only,winsor_z,expanding,asset_turnover,0.0032710629997653013,0.0006938869927746331,0.5,10
financial_only,winsor_z,expanding,debt_to_equity,-0.004189104961390215,-0.00026458042350896714,0.5,10
financial_only,winsor_z,rolling_2y,capex_to_revenue,-0.014357069393409494,-0.025097942398787928,0.8,10
financial_only,winsor_z,rolling_2y,cash_to_assets,0.027442237292475073,0.033954107362589525,0.8,10
financial_only,winsor_z,rolling_2y,net_margin,-0.028988251884857107,-0.033009554015226206,0.8,10
financial_only,winsor_z,rolling_2y,revenue_growth_accel,-0.07371042380388684,-0.03340834112751504,0.75,8
financial_only,winsor_z,rolling_2y,debt_to_assets,0.028051864736773513,0.022201106319788222,0.7,10
financial_only,winsor_z,rolling_2y,operating_margin,-0.019307213390856327,-0.026516332478511283,0.7,10
financial_only,winsor_z,rolling_2y,debt_to_equity,-0.003333236697992357,-0.005359816662202547,0.6,10
financial_only,winsor_z,rolling_2y,gross_margin,0.013657109948840309,0.016311753476082075,0.6,10
financial_only,winsor_z,rolling_2y,cfo_margin,-0.0003184066402556633,-0.003217205722458617,0.5,10
financial_only,winsor_z,rolling_2y,current_ratio,0.011656908290486956,0.0075720248524587235,0.5,10
financial_only,winsor_z,rolling_2y,ebitda_margin,-0.016902204901757947,0.0022630706391158894,0.5,10
financial_only,winsor_z,rolling_2y,asset_turnover,-0.0056384339544496625,0.004012479854493127,0.4,10
financial_only,winsor_z,rolling_2y,fcf_margin,-0.0025334734536633305,0.012131516143754278,0.4,10
financial_only,winsor_z,rolling_2y,revenue_growth_yoy,0.02739634604043383,-0.012472935985047541,0.4,10
financial_only,winsor_z,rolling_3y,debt_to_assets,0.020122179773818406,0.014792473428604512,0.9,10
financial_only,winsor_z,rolling_3y,revenue_growth_accel,-0.07697243896278282,-0.06089701490632244,0.8333333333333334,6
financial_only,winsor_z,rolling_3y,capex_to_revenue,-0.009825364083257463,-0.012162950771357778,0.8,10
financial_only,winsor_z,rolling_3y,net_margin,-0.0401509439262969,-0.043131309113927756,0.8,10
financial_only,winsor_z,rolling_3y,operating_margin,-0.01647527435642545,-0.019888935791289225,0.8,10
financial_only,winsor_z,rolling_3y,cash_to_assets,0.023922817138886755,0.04020508669879455,0.7,10
financial_only,winsor_z,rolling_3y,gross_margin,0.015336036279129533,0.017345258532300938,0.7,10
financial_only,winsor_z,rolling_3y,asset_turnover,0.0030318355060023503,0.014254103952141339,0.6,10
financial_only,winsor_z,rolling_3y,ebitda_margin,0.00038081442920647813,0.015517909765878201,0.6,10
financial_only,winsor_z,rolling_3y,current_ratio,0.009682120398079233,-0.0004982845065661199,0.5,10
financial_only,winsor_z,rolling_3y,debt_to_equity,-0.00227500593323323,-0.004837941685756219,0.5,10
financial_only,winsor_z,rolling_3y,fcf_margin,-0.005205369846939233,0.010728608232118677,0.4,10
financial_only,winsor_z,rolling_3y,revenue_growth_yoy,0.006750670307098033,-0.014344702436565361,0.4,10
financial_only,winsor_z,rolling_3y,cfo_margin,0.00498387718834817,-0.016586627714690473,0.2,10
financial_only,winsor_z,rolling_5y,debt_to_assets,0.01948256448144136,0.020862618159738104,1.0,10
financial_only,winsor_z,rolling_5y,revenue_growth_accel,-0.05192074086525567,-0.038299678466028705,1.0,6
financial_only,winsor_z,rolling_5y,net_margin,-0.03466100050395106,-0.02656450208473583,0.9,10
financial_only,winsor_z,rolling_5y,cash_to_assets,0.0334174875244743,0.03776023168191138,0.8,10
financial_only,winsor_z,rolling_5y,operating_margin,-0.025461228441496297,-0.03413825928011732,0.8,10
financial_only,winsor_z,rolling_5y,revenue_growth_yoy,-0.013095622809889209,-0.014344702436565361,0.8,10
financial_only,winsor_z,rolling_5y,capex_to_revenue,-0.010235144277317785,-0.01104013449742814,0.7,10
financial_only,winsor_z,rolling_5y,gross_margin,0.01531114290798131,0.010810752104427168,0.7,10
financial_only,winsor_z,rolling_5y,debt_to_equity,-0.006039149769060101,-0.0038125723766221555,0.6,10
financial_only,winsor_z,rolling_5y,ebitda_margin,0.009875328307082041,0.03148900758827578,0.6,10
financial_only,winsor_z,rolling_5y,asset_turnover,0.005297244831489437,0.002539148084762265,0.5,10
financial_only,winsor_z,rolling_5y,current_ratio,0.003974388573435927,-0.006760621160751124,0.4,10
financial_only,winsor_z,rolling_5y,cfo_margin,0.010837234048857915,-0.016586627714690473,0.3,10
financial_only,winsor_z,rolling_5y,fcf_margin,-0.010543171608283948,0.01110421381364099,0.3,10
financial_plus_price,rank,expanding,asset_turnover,0.050408604505638145,0.05176559810630598,1.0,10
financial_plus_price,rank,expanding,capex_to_revenue,-0.050835268939598964,-0.05897460405010925,1.0,10
financial_plus_price,rank,expanding,cash_to_assets,0.09245940428405205,0.0993787884525727,1.0,10
financial_plus_price,rank,expanding,growth_x_fcf_margin,0.08264451205460656,0.07688702793747094,1.0,10
financial_plus_price,rank,expanding,net_margin,-0.052655556624035815,-0.04580849021414948,1.0,10
financial_plus_price,rank,expanding,revenue_growth_accel,-0.14989613143320166,-0.1357760345424482,1.0,6
financial_plus_price,rank,expanding,trailing_6m_return,0.11634114957502684,0.10729428702167615,1.0,10
financial_plus_price,rank,expanding,current_ratio,-0.029503776435362665,-0.027560039578997164,0.9,10
financial_plus_price,rank,expanding,ebitda_margin,0.053220817545493584,0.06564072707624402,0.9,10
financial_plus_price,rank,expanding,gross_margin,0.040299927338389746,0.03265011202553974,0.9,10
financial_plus_price,rank,expanding,operating_margin,-0.06968681008751645,-0.07281452846717995,0.9,10
financial_plus_price,rank,expanding,realized_vol_3m,0.18127379789578157,0.11353849494661443,0.9,10
financial_plus_price,rank,expanding,revenue_growth_yoy,-0.09625194712487539,-0.09010892990246225,0.9,10
financial_plus_price,rank,expanding,growth_x_trailing_6m,0.031034502175911256,0.024555721097262756,0.8,10
financial_plus_price,rank,expanding,trailing_12m_return,-0.0771035917220252,-0.08267698057316841,0.8,10
financial_plus_price,rank,expanding,debt_to_assets,0.03414383876360031,0.03896644116230534,0.7,10
financial_plus_price,rank,expanding,fcf_margin,0.005085624666839946,0.00528201268941335,0.7,10
financial_plus_price,rank,expanding,cfo_margin,-0.014920128842565505,-0.017909665884040995,0.6,10
financial_plus_price,rank,expanding,debt_to_equity,-0.012591654031318972,-0.006998075850454048,0.6,10
financial_plus_price,rank,expanding,trailing_3m_return,-0.11493991238331425,-0.059060228879752596,0.6,10
financial_plus_price,rank,expanding,drawdown_12m,-0.0037939713642835757,-0.0037208941376157016,0.5,10
financial_plus_price,rank,expanding,relative_6m_vs_spy,0.002095828194208795,0.006979638074409097,0.5,10
financial_plus_price,rank,rolling_2y,asset_turnover,0.042565515373485706,0.03998354084046386,0.8,10
financial_plus_price,rank,rolling_2y,capex_to_revenue,-0.014961544495543077,-0.029672474864533067,0.8,10
financial_plus_price,rank,rolling_2y,net_margin,-0.03982012959987887,-0.009062216691009813,0.8,10
financial_plus_price,rank,rolling_2y,relative_6m_vs_spy,0.019589713009073896,0.026914345970543763,0.8,10
financial_plus_price,rank,rolling_2y,revenue_growth_accel,-0.10023014040093946,-0.062329146442759636,0.75,8
financial_plus_price,rank,rolling_2y,cash_to_assets,0.04301748212156852,0.05416551592802596,0.7,10
financial_plus_price,rank,rolling_2y,cfo_margin,-0.011358185571207977,-0.019792325313492214,0.7,10
financial_plus_price,rank,rolling_2y,current_ratio,0.036241283334614086,0.038578077579737746,0.7,10
financial_plus_price,rank,rolling_2y,operating_margin,-0.035706792618464475,-0.019765802209350945,0.7,10
financial_plus_price,rank,rolling_2y,realized_vol_3m,0.11341969424483911,0.013537170658935477,0.7,10
financial_plus_price,rank,rolling_2y,trailing_3m_return,0.013770335175121749,0.027506228988214816,0.7,10
financial_plus_price,rank,rolling_2y,debt_to_assets,0.02466187209401073,0.018295969901738183,0.6,10
financial_plus_price,rank,rolling_2y,drawdown_12m,-0.07403891855053499,-0.0309234644069675,0.6,10
financial_plus_price,rank,rolling_2y,ebitda_margin,-0.03485316530270364,-0.0039078802487389225,0.6,10
financial_plus_price,rank,rolling_2y,fcf_margin,0.0016588907971905292,0.003608234154669535,0.6,10
financial_plus_price,rank,rolling_2y,gross_margin,0.02279945500626729,0.04664591733325858,0.6,10
financial_plus_price,rank,rolling_2y,growth_x_fcf_margin,0.029164721181481734,0.03471291890888044,0.6,10
financial_plus_price,rank,rolling_2y,growth_x_trailing_6m,0.000883405848440024,0.012574276806218112,0.6,10
financial_plus_price,rank,rolling_2y,trailing_6m_return,0.02348281031024687,0.014602593631478256,0.6,10
financial_plus_price,rank,rolling_2y,debt_to_equity,0.020184316554285014,0.006544472718717551,0.5,10
financial_plus_price,rank,rolling_2y,revenue_growth_yoy,0.0054318732171726855,0.004478082116160455,0.5,10
financial_plus_price,rank,rolling_2y,trailing_12m_return,0.002103827026120451,0.007086652459776397,0.5,10
financial_plus_price,rank,rolling_3y,asset_turnover,0.048522395369956464,0.03962329415776068,1.0,10
financial_plus_price,rank,rolling_3y,revenue_growth_accel,-0.1561566845481507,-0.14010897437291267,1.0,6
financial_plus_price,rank,rolling_3y,trailing_6m_return,0.07321817452426355,0.07754210334052934,0.9,10
financial_plus_price,rank,rolling_3y,drawdown_12m,-0.08082854478100196,-0.04381944278766148,0.8,10
financial_plus_price,rank,rolling_3y,operating_margin,-0.038535164451796486,-0.04538871724298561,0.8,10
financial_plus_price,rank,rolling_3y,capex_to_revenue,-0.014042883298601547,-0.03655224660799003,0.7,10
financial_plus_price,rank,rolling_3y,cash_to_assets,0.04381864880497841,0.07164623606704044,0.7,10
financial_plus_price,rank,rolling_3y,current_ratio,0.018341508922169382,0.012836837996722902,0.7,10
financial_plus_price,rank,rolling_3y,gross_margin,0.033050669271227184,0.03613520598342547,0.7,10
financial_plus_price,rank,rolling_3y,growth_x_fcf_margin,0.044899993820906266,0.030325480962192376,0.7,10
financial_plus_price,rank,rolling_3y,net_margin,-0.04925529538386338,-0.05546782163259843,0.7,10
financial_plus_price,rank,rolling_3y,realized_vol_3m,0.1550570500101294,0.09572838105934753,0.7,10
financial_plus_price,rank,rolling_3y,debt_to_assets,0.02314937112553369,0.01965994501535337,0.6,10
financial_plus_price,rank,rolling_3y,debt_to_equity,0.012356232942781575,0.014777146129506664,0.6,10
financial_plus_price,rank,rolling_3y,ebitda_margin,-0.02972899351884347,-0.017177362244509827,0.6,10
financial_plus_price,rank,rolling_3y,fcf_margin,0.0016270743849707558,0.004972534977997658,0.6,10
financial_plus_price,rank,rolling_3y,growth_x_trailing_6m,0.012981192151998003,0.023827754944810237,0.6,10
financial_plus_price,rank,rolling_3y,relative_6m_vs_spy,0.010913547854257213,0.020108911305118424,0.6,10
financial_plus_price,rank,rolling_3y,revenue_growth_yoy,-0.03138774540137575,-0.03691558366595447,0.6,10
financial_plus_price,rank,rolling_3y,trailing_12m_return,-0.04373363345939622,-0.015327618360378837,0.6,10
financial_plus_price,rank,rolling_3y,trailing_3m_return,-0.05676715471651898,-0.01658962982630231,0.6,10
financial_plus_price,rank,rolling_3y,cfo_margin,0.00484069736768384,-0.0016933504260590424,0.5,10
financial_plus_price,rank,rolling_5y,asset_turnover,0.04647047145121542,0.04016796151364123,1.0,10
financial_plus_price,rank,rolling_5y,revenue_growth_accel,-0.1633832817374982,-0.1357760345424482,1.0,6
financial_plus_price,rank,rolling_5y,trailing_6m_return,0.09871638864225796,0.09602923109798786,1.0,10
financial_plus_price,rank,rolling_5y,gross_margin,0.03728685969720227,0.0287128250299244,0.9,10
financial_plus_price,rank,rolling_5y,net_margin,-0.060362539404951045,-0.05471869977911202,0.9,10
financial_plus_price,rank,rolling_5y,realized_vol_3m,0.2314647813050615,0.12175210158696423,0.9,10
financial_plus_price,rank,rolling_5y,revenue_growth_yoy,-0.10119265132772404,-0.08318152994745961,0.9,10
financial_plus_price,rank,rolling_5y,growth_x_fcf_margin,0.05517831656130255,0.07416806204562351,0.8,10
financial_plus_price,rank,rolling_5y,growth_x_trailing_6m,0.06417622117096898,0.02594933748962769,0.8,10
financial_plus_price,rank,rolling_5y,operating_margin,-0.05506192917118062,-0.05416947859107166,0.8,10
financial_plus_price,rank,rolling_5y,trailing_12m_return,-0.07345778117002857,-0.07162030964123961,0.8,10
financial_plus_price,rank,rolling_5y,cash_to_assets,0.0497272456000925,0.08401978652675376,0.7,10
financial_plus_price,rank,rolling_5y,debt_to_assets,0.030395759976842955,0.036735135002823244,0.7,10
financial_plus_price,rank,rolling_5y,drawdown_12m,-0.04601641631724469,-0.036438736138862504,0.7,10
financial_plus_price,rank,rolling_5y,capex_to_revenue,-0.02007907460969894,-0.03547872438624737,0.6,10
financial_plus_price,rank,rolling_5y,cfo_margin,0.019591461389970817,0.004922659572930494,0.6,10
financial_plus_price,rank,rolling_5y,fcf_margin,-0.006513748027897401,-0.004817296399529719,0.6,10
financial_plus_price,rank,rolling_5y,relative_6m_vs_spy,-0.007674127302142236,-0.007154608387897074,0.6,10
financial_plus_price,rank,rolling_5y,trailing_3m_return,-0.13367187138324882,-0.0015752978186654456,0.6,10
financial_plus_price,rank,rolling_5y,current_ratio,0.0013949099745206514,-0.012164873620814403,0.4,10
financial_plus_price,rank,rolling_5y,debt_to_equity,0.0015205596864489718,-0.002953428702716679,0.4,10
financial_plus_price,rank,rolling_5y,ebitda_margin,-0.008628362508171823,0.011537234330360704,0.4,10
financial_plus_price,robust_z,expanding,cash_to_assets,0.05152710119381121,0.05396666477025752,1.0,10
financial_plus_price,robust_z,expanding,revenue_growth_accel,-0.033343384873356384,-0.03167785508675024,1.0,6
financial_plus_price,robust_z,expanding,trailing_6m_return,0.12354319791797434,0.11351253715679402,1.0,10
financial_plus_price,robust_z,expanding,capex_to_revenue,-0.019699379010428914,-0.021606114170536067,0.9,10
financial_plus_price,robust_z,expanding,ebitda_margin,0.04786165183009544,0.06130656873859016,0.9,10
financial_plus_price,robust_z,expanding,operating_margin,-0.039490712377151474,-0.040916930815566285,0.9,10
financial_plus_price,robust_z,expanding,revenue_growth_yoy,-0.02627219688637859,-0.022729126212651315,0.9,10
financial_plus_price,robust_z,expanding,trailing_12m_return,-0.038247531909441315,-0.0430946737377933,0.9,10
financial_plus_price,robust_z,expanding,asset_turnover,0.011139474969694788,0.012947567234276643,0.8,10
financial_plus_price,robust_z,expanding,current_ratio,-0.009301221564702608,-0.011732574355168984,0.8,10
financial_plus_price,robust_z,expanding,debt_to_assets,0.007890294766350631,0.00836382552057384,0.8,10
financial_plus_price,robust_z,expanding,debt_to_equity,0.0028751488370884087,0.004723529375111046,0.8,10
financial_plus_price,robust_z,expanding,drawdown_12m,-0.020402940217323244,-0.022575919419632006,0.8,10
financial_plus_price,robust_z,expanding,realized_vol_3m,0.08211769935253102,0.0629411454092234,0.8,10
financial_plus_price,robust_z,expanding,relative_6m_vs_spy,-0.04072932827250321,-0.036444563899598534,0.8,10
financial_plus_price,robust_z,expanding,growth_x_fcf_margin,0.006710834901362171,0.009018497089899833,0.7,10
financial_plus_price,robust_z,expanding,net_margin,-0.01591304260402237,-0.01129999717179067,0.7,10
financial_plus_price,robust_z,expanding,fcf_margin,-0.008834236523519067,-0.021123757661639063,0.6,10
financial_plus_price,robust_z,expanding,gross_margin,0.008202750566090194,0.003539595231386509,0.6,10
financial_plus_price,robust_z,expanding,growth_x_trailing_6m,0.001505249977228842,0.0027762963510194615,0.6,10
financial_plus_price,robust_z,expanding,trailing_3m_return,-0.04468675171570403,-0.02314665324550614,0.6,10
financial_plus_price,robust_z,expanding,cfo_margin,-0.002653861030892024,-0.001620901072650581,0.5,10
financial_plus_price,robust_z,rolling_2y,revenue_growth_accel,-0.04345002533230414,-0.0272375011634298,0.875,8
financial_plus_price,robust_z,rolling_2y,asset_turnover,0.01098375057601992,0.017174085885812016,0.8,10
financial_plus_price,robust_z,rolling_2y,capex_to_revenue,-0.015169057020648455,-0.017650076874389808,0.8,10
financial_plus_price,robust_z,rolling_2y,cash_to_assets,0.023490587013870776,0.04819192824004854,0.7,10
financial_plus_price,robust_z,rolling_2y,debt_to_assets,0.019738656239319863,0.025203320971528238,0.7,10
financial_plus_price,robust_z,rolling_2y,debt_to_equity,0.00848094860543453,0.011249518911404608,0.7,10
financial_plus_price,robust_z,rolling_2y,growth_x_trailing_6m,0.0025745686906229115,0.008560593398264982,0.7,10
financial_plus_price,robust_z,rolling_2y,relative_6m_vs_spy,0.009022111319332685,0.019105578212951838,0.7,10
financial_plus_price,robust_z,rolling_2y,current_ratio,0.006177786690416604,0.012072810490042303,0.6,10
financial_plus_price,robust_z,rolling_2y,drawdown_12m,-0.060840010696147695,-0.026852089724512175,0.6,10
financial_plus_price,robust_z,rolling_2y,gross_margin,0.013773691655981541,0.013323384929932326,0.6,10
financial_plus_price,robust_z,rolling_2y,net_margin,-0.022617542103205084,-0.018147434848108563,0.6,10
financial_plus_price,robust_z,rolling_2y,ebitda_margin,-0.01778957689824048,0.0018996602092532268,0.5,10
financial_plus_price,robust_z,rolling_2y,fcf_margin,-0.013471038252668849,-0.003218463983320254,0.5,10
financial_plus_price,robust_z,rolling_2y,operating_margin,-0.0047308391116909435,-0.000973942304912127,0.5,10
financial_plus_price,robust_z,rolling_2y,realized_vol_3m,0.06413305411873733,0.001676841537043814,0.5,10
financial_plus_price,robust_z,rolling_2y,revenue_growth_yoy,0.004416209745836256,-0.0025701436687072593,0.5,10
financial_plus_price,robust_z,rolling_2y,trailing_12m_return,0.013868628011339484,-0.0006854415324990531,0.5,10
financial_plus_price,robust_z,rolling_2y,trailing_3m_return,0.005704739147511295,-0.004448555369220572,0.5,10
financial_plus_price,robust_z,rolling_2y,trailing_6m_return,0.03346641932769996,0.0005082763236647202,0.5,10
financial_plus_price,robust_z,rolling_2y,cfo_margin,0.014501904410643834,-0.002240750934060522,0.4,10
financial_plus_price,robust_z,rolling_2y,growth_x_fcf_margin,0.0030565366625890157,-0.005619774023761091,0.4,10
financial_plus_price,robust_z,rolling_3y,revenue_growth_accel,-0.05850136415394808,-0.04444652551063202,0.8333333333333334,6
financial_plus_price,robust_z,rolling_3y,asset_turnover,0.013742292535831863,0.017031573553838213,0.8,10
financial_plus_price,robust_z,rolling_3y,drawdown_12m,-0.08767000990273618,-0.04560252327570746,0.8,10
financial_plus_price,robust_z,rolling_3y,trailing_6m_return,0.09383027382525161,0.07755499029294058,0.8,10
financial_plus_price,robust_z,rolling_3y,capex_to_revenue,-0.0075266007310369355,-0.020613639655960973,0.7,10
financial_plus_price,robust_z,rolling_3y,cash_to_assets,0.02710533547243,0.0476665928788237,0.7,10
financial_plus_price,robust_z,rolling_3y,debt_to_equity,0.006286792779864126,0.007375927135247273,0.7,10
financial_plus_price,robust_z,rolling_3y,gross_margin,0.012099085926512446,0.011889998103939037,0.7,10
financial_plus_price,robust_z,rolling_3y,relative_6m_vs_spy,0.0002620789756272085,0.0015420652640212636,0.7,10
financial_plus_price,robust_z,rolling_3y,trailing_12m_return,-0.015590993229940791,-0.013976400975245135,0.7,10
financial_plus_price,robust_z,rolling_3y,cfo_margin,0.009052883855372052,0.004621513972945374,0.6,10
financial_plus_price,robust_z,rolling_3y,debt_to_assets,0.015330315284500753,0.012413777991651075,0.6,10
financial_plus_price,robust_z,rolling_3y,fcf_margin,0.0009837279570912294,0.005057403501501471,0.6,10
financial_plus_price,robust_z,rolling_3y,growth_x_fcf_margin,0.005721506928790094,0.002657543759673163,0.6,10
financial_plus_price,robust_z,rolling_3y,net_margin,-0.014930600735434525,-0.01687060187731377,0.6,10
financial_plus_price,robust_z,rolling_3y,operating_margin,-0.01490154314952758,-0.028770278330932278,0.6,10
financial_plus_price,robust_z,rolling_3y,realized_vol_3m,0.06923958376338754,0.04936549819982619,0.6,10
financial_plus_price,robust_z,rolling_3y,revenue_growth_yoy,-0.0074337354108879265,-0.0068900172227116425,0.6,10
financial_plus_price,robust_z,rolling_3y,current_ratio,0.004482248208642821,0.0003286664598811573,0.5,10
financial_plus_price,robust_z,rolling_3y,growth_x_trailing_6m,0.0012602301245398506,-0.00045666343332537943,0.5,10
financial_plus_price,robust_z,rolling_3y,trailing_3m_return,-0.04195928167051778,-0.007644563625815979,0.5,10
financial_plus_price,robust_z,rolling_3y,ebitda_margin,-0.018934792652969525,0.017410803327829363,0.4,10
financial_plus_price,robust_z,rolling_5y,revenue_growth_accel,-0.044324920242921534,-0.03167785508675024,1.0,6
financial_plus_price,robust_z,rolling_5y,trailing_6m_return,0.1312728428598525,0.11818433709107312,1.0,10
financial_plus_price,robust_z,rolling_5y,drawdown_12m,-0.05557353731956012,-0.026833827783119706,0.9,10
financial_plus_price,robust_z,rolling_5y,cash_to_assets,0.034699477971427514,0.0497561117515016,0.8,10
financial_plus_price,robust_z,rolling_5y,debt_to_assets,0.016603940966369145,0.019959991522708113,0.8,10
financial_plus_price,robust_z,rolling_5y,realized_vol_3m,0.11174878243319734,0.06790496737556073,0.8,10
financial_plus_price,robust_z,rolling_5y,relative_6m_vs_spy,-0.04455325193579446,-0.030770130974833318,0.8,10
financial_plus_price,robust_z,rolling_5y,trailing_12m_return,-0.03244644395176216,-0.04065647813679163,0.8,10
financial_plus_price,robust_z,rolling_5y,asset_turnover,0.011725330334903994,0.01058833112969794,0.7,10
financial_plus_price,robust_z,rolling_5y,current_ratio,-0.0024252658888281424,-0.009732754202582001,0.7,10
financial_plus_price,robust_z,rolling_5y,debt_to_equity,0.0029417456926188884,0.004320704833156093,0.7,10
financial_plus_price,robust_z,rolling_5y,gross_margin,0.012456677962166218,0.007745537451656728,0.7,10
financial_plus_price,robust_z,rolling_5y,growth_x_trailing_6m,0.010481201092599396,0.004724381029990866,0.7,10
financial_plus_price,robust_z,rolling_5y,operating_margin,-0.027015589341493916,-0.03918117603046442,0.7,10
financial_plus_price,robust_z,rolling_5y,revenue_growth_yoy,-0.026973120311542687,-0.021377914578187197,0.7,10
financial_plus_price,robust_z,rolling_5y,capex_to_revenue,-0.00935442219802041,-0.01913056976875058,0.6,10
financial_plus_price,robust_z,rolling_5y,fcf_margin,-0.004223244524681562,-0.0234139590319469,0.6,10
financial_plus_price,robust_z,rolling_5y,growth_x_fcf_margin,0.0018665428686961097,0.008788022491071572,0.6,10
financial_plus_price,robust_z,rolling_5y,net_margin,-0.017861290132675713,-0.01129999717179067,0.6,10
financial_plus_price,robust_z,rolling_5y,cfo_margin,0.01681227020950512,0.0005598587957734136,0.5,10
financial_plus_price,robust_z,rolling_5y,trailing_3m_return,-0.057932075228547576,-0.00454953195778263,0.5,10
financial_plus_price,robust_z,rolling_5y,ebitda_margin,-0.0012800660681764942,0.033841051991673185,0.4,10
financial_plus_price,winsor_z,expanding,capex_to_revenue,-0.025469368498499196,-0.02301193489049317,1.0,10
financial_plus_price,winsor_z,expanding,cash_to_assets,0.04452007991396681,0.04870128579843942,1.0,10
financial_plus_price,winsor_z,expanding,debt_to_assets,0.017374803197579634,0.018537344528249997,1.0,10
financial_plus_price,winsor_z,expanding,revenue_growth_accel,-0.025865681161263226,-0.021413703855718787,1.0,6
financial_plus_price,winsor_z,expanding,trailing_6m_return,0.13031207394516303,0.12851006826769532,1.0,10
financial_plus_price,winsor_z,expanding,debt_to_equity,-0.00856773048720923,-0.005522598925307619,0.9,10
financial_plus_price,winsor_z,expanding,operating_margin,-0.022533730591271308,-0.02061938141721386,0.9,10
financial_plus_price,winsor_z,expanding,trailing_12m_return,-0.03869650456611485,-0.04486211854861547,0.9,10
financial_plus_price,winsor_z,expanding,drawdown_12m,-0.018944003093417462,-0.018288842832330333,0.8,10
financial_plus_price,winsor_z,expanding,ebitda_margin,0.022348039882815234,0.02427787446663031,0.8,10
financial_plus_price,winsor_z,expanding,realized_vol_3m,0.09448999718174098,0.07905652457353429,0.8,10
financial_plus_price,winsor_z,expanding,trailing_3m_return,-0.04951035540938023,-0.03215157077441067,0.8,10
financial_plus_price,winsor_z,expanding,asset_turnover,0.005927613522620627,0.008464050064696561,0.7,10
financial_plus_price,winsor_z,expanding,cfo_margin,-0.006058197997358116,-0.018178802896339212,0.7,10
financial_plus_price,winsor_z,expanding,current_ratio,-0.01041443956279721,-0.013691575004975354,0.7,10
financial_plus_price,winsor_z,expanding,relative_6m_vs_spy,-0.032553185565559827,-0.03187406322411675,0.7,10
financial_plus_price,winsor_z,expanding,revenue_growth_yoy,-0.012881430154897164,-0.009319618130612266,0.7,10
financial_plus_price,winsor_z,expanding,fcf_margin,0.0006905492750590326,0.004791682311417378,0.6,10
financial_plus_price,winsor_z,expanding,growth_x_fcf_margin,-0.007954177354941003,-0.006007242116732158,0.6,10
financial_plus_price,winsor_z,expanding,growth_x_trailing_6m,-0.004070054462162976,-0.0055698524623209195,0.6,10
financial_plus_price,winsor_z,expanding,net_margin,-0.0062837595410754786,-0.0022624145726020855,0.5,10
financial_plus_price,winsor_z,expanding,gross_margin,0.00301445456732856,-0.0018551083775362807,0.4,10
financial_plus_price,winsor_z,rolling_2y,revenue_growth_accel,-0.046742720986378314,-0.025494623090966045,0.875,8
financial_plus_price,winsor_z,rolling_2y,capex_to_revenue,-0.02108518582019866,-0.026167122346019516,0.8,10
financial_plus_price,winsor_z,rolling_2y,asset_turnover,0.00409266094198857,0.009832293802097703,0.7,10
financial_plus_price,winsor_z,rolling_2y,cash_to_assets,0.024732939622830026,0.044266803406499175,0.7,10
financial_plus_price,winsor_z,rolling_2y,debt_to_assets,0.024921384801262887,0.01566754231315532,0.7,10
financial_plus_price,winsor_z,rolling_2y,gross_margin,0.006853906502069328,0.014769006665991423,0.7,10
financial_plus_price,winsor_z,rolling_2y,drawdown_12m,-0.05353230231435322,-0.028239201972868458,0.6,10
financial_plus_price,winsor_z,rolling_2y,ebitda_margin,-0.020473819145145185,-0.010557232024103556,0.6,10
financial_plus_price,winsor_z,rolling_2y,fcf_margin,-0.004313694930870661,-0.0011893535441050945,0.6,10
financial_plus_price,winsor_z,rolling_2y,relative_6m_vs_spy,0.027351828068703333,0.023271146626308123,0.6,10
financial_plus_price,winsor_z,rolling_2y,trailing_12m_return,0.016242420045526014,0.0035711264273996525,0.6,10
financial_plus_price,winsor_z,rolling_2y,trailing_6m_return,0.027652729861008148,0.02039009125632912,0.6,10
financial_plus_price,winsor_z,rolling_2y,cfo_margin,-0.0007256295891688933,7.234339703590404e-05,0.5,10
financial_plus_price,winsor_z,rolling_2y,current_ratio,5.1421021280821134e-05,1.1381835155203435e-05,0.5,10
financial_plus_price,winsor_z,rolling_2y,debt_to_equity,-0.0026400868607320558,-0.0023646583590163275,0.5,10
financial_plus_price,winsor_z,rolling_2y,growth_x_fcf_margin,-0.006137250039293535,-0.001285735924099694,0.5,10
financial_plus_price,winsor_z,rolling_2y,growth_x_trailing_6m,0.0049594553323675005,0.004183953626291016,0.5,10
financial_plus_price,winsor_z,rolling_2y,net_margin,-0.0020218611199265433,-0.0024189826962777968,0.5,10
financial_plus_price,winsor_z,rolling_2y,operating_margin,-0.001147789354434744,-0.0024256806710320333,0.5,10
financial_plus_price,winsor_z,rolling_2y,revenue_growth_yoy,0.014967669551411619,-0.0015513891308384764,0.5,10
financial_plus_price,winsor_z,rolling_2y,trailing_3m_return,-0.005997043624909934,-0.0015820553166244348,0.5,10
financial_plus_price,winsor_z,rolling_2y,realized_vol_3m,0.05857866648819794,-0.00597408404970773,0.4,10
financial_plus_price,winsor_z,rolling_3y,debt_to_assets,0.019906890989217014,0.014298294417649352,0.9,10
financial_plus_price,winsor_z,rolling_3y,revenue_growth_accel,-0.05088866813201567,-0.03716327270020302,0.8333333333333334,6
financial_plus_price,winsor_z,rolling_3y,trailing_6m_return,0.09744340511904086,0.0757724085000664,0.8,10
financial_plus_price,winsor_z,rolling_3y,asset_turnover,0.007269188010749844,0.014533691677751393,0.7,10
financial_plus_price,winsor_z,rolling_3y,capex_to_revenue,-0.014568229451967877,-0.013266583184148988,0.7,10
financial_plus_price,winsor_z,rolling_3y,cash_to_assets,0.023132008184609414,0.041176185415729094,0.7,10
financial_plus_price,winsor_z,rolling_3y,drawdown_12m,-0.054571613317608916,-0.047325438474332876,0.7,10
financial_plus_price,winsor_z,rolling_3y,fcf_margin,0.0031963518833502623,0.010633505634211886,0.7,10
financial_plus_price,winsor_z,rolling_3y,gross_margin,0.007751603440614816,0.008323153720405948,0.7,10
financial_plus_price,winsor_z,rolling_3y,trailing_12m_return,-0.0215992770411964,-0.013026164598545335,0.7,10
financial_plus_price,winsor_z,rolling_3y,debt_to_equity,-0.002835426558873251,-0.008198659419887056,0.6,10
financial_plus_price,winsor_z,rolling_3y,realized_vol_3m,0.06916834189846817,0.06805655369950443,0.6,10
financial_plus_price,winsor_z,rolling_3y,current_ratio,0.003119458453296365,-0.0007444143541657541,0.5,10
financial_plus_price,winsor_z,rolling_3y,growth_x_fcf_margin,-0.008634951677665597,-0.005390002364809201,0.5,10
financial_plus_price,winsor_z,rolling_3y,growth_x_trailing_6m,0.0019205308271734545,-0.005921153043070741,0.5,10
financial_plus_price,winsor_z,rolling_3y,net_margin,-0.002765672260474292,0.0021278481618769163,0.5,10
financial_plus_price,winsor_z,rolling_3y,operating_margin,-0.007822595655305017,-0.005480610722223472,0.5,10
financial_plus_price,winsor_z,rolling_3y,relative_6m_vs_spy,-0.005632514609980088,-0.008988380553347972,0.5,10
financial_plus_price,winsor_z,rolling_3y,trailing_3m_return,-0.03474175724794322,-0.014508267473845048,0.5,10
financial_plus_price,winsor_z,rolling_3y,ebitda_margin,-0.016129344226281244,0.0067462928923729916,0.4,10
financial_plus_price,winsor_z,rolling_3y,revenue_growth_yoy,0.00434128119484959,-0.006607884858570101,0.4,10
financial_plus_price,winsor_z,rolling_3y,cfo_margin,0.0009054794095710881,-0.017164081746195527,0.3,10
financial_plus_price,winsor_z,rolling_5y,debt_to_assets,0.021995077940186923,0.024225245667023637,1.0,10
financial_plus_price,winsor_z,rolling_5y,revenue_growth_accel,-0.03851816505006256,-0.023674742920575614,1.0,6
financial_plus_price,winsor_z,rolling_5y,trailing_6m_return,0.14942627075242954,0.12645975904465254,1.0,10
financial_plus_price,winsor_z,rolling_5y,trailing_12m_return,-0.04017144700478307,-0.04285976480100534,0.9,10
financial_plus_price,winsor_z,rolling_5y,cash_to_assets,0.029887125712076433,0.04401485362674381,0.8,10
financial_plus_price,winsor_z,rolling_5y,debt_to_equity,-0.007817950466789288,-0.0049526405770600945,0.8,10
financial_plus_price,winsor_z,rolling_5y,drawdown_12m,-0.03914586104194199,-0.025640088644536728,0.8,10
financial_plus_price,winsor_z,rolling_5y,realized_vol_3m,0.11655518952102435,0.09163947695707242,0.8,10
financial_plus_price,winsor_z,rolling_5y,asset_turnover,0.007234465825643693,0.00818155327475259,0.7,10
financial_plus_price,winsor_z,rolling_5y,capex_to_revenue,-0.011438869278055435,-0.018318549410836688,0.7,10
financial_plus_price,winsor_z,rolling_5y,current_ratio,-0.005089665029569755,-0.016231138330179737,0.7,10
financial_plus_price,winsor_z,rolling_5y,fcf_margin,0.00430150809618531,0.010076516438310687,0.7,10
financial_plus_price,winsor_z,rolling_5y,gross_margin,0.008042404032098221,0.0033666245862923943,0.7,10
financial_plus_price,winsor_z,rolling_5y,operating_margin,-0.01418333124185645,-0.02683321261734986,0.7,10
financial_plus_price,winsor_z,rolling_5y,relative_6m_vs_spy,-0.04291352163905189,-0.03435732477582784,0.7,10
financial_plus_price,winsor_z,rolling_5y,revenue_growth_yoy,-0.014806749605593712,-0.009938201320042327,0.7,10
financial_plus_price,winsor_z,rolling_5y,trailing_3m_return,-0.05529999443566068,-0.02102673462335335,0.7,10
financial_plus_price,winsor_z,rolling_5y,growth_x_fcf_margin,-0.010228103031703408,-0.0021670086940349534,0.5,10
financial_plus_price,winsor_z,rolling_5y,growth_x_trailing_6m,0.0096676442927302,-0.0008961980219220648,0.5,10
financial_plus_price,winsor_z,rolling_5y,net_margin,-0.0019149240799414154,-0.0018091928029234806,0.5,10
financial_plus_price,winsor_z,rolling_5y,ebitda_margin,-0.010394603998698607,0.010264750958325648,0.4,10
financial_plus_price,winsor_z,rolling_5y,cfo_margin,0.0025289177266581086,-0.019078878715516636,0.3,10
price_only,rank,expanding,trailing_6m_return,0.13438633158555474,0.1306142137657527,1.0,10
price_only,rank,expanding,realized_vol_3m,0.2060510628910715,0.14205586158134237,0.9,10
price_only,rank,expanding,trailing_12m_return,-0.08323228929756174,-0.08734688395672428,0.8,10
price_only,rank,expanding,growth_x_fcf_margin,0.005569939825002107,0.02221782069854604,0.6,10
price_only,rank,expanding,relative_6m_vs_spy,0.00040958602894508936,0.014551753840969123,0.6,10
price_only,rank,expanding,drawdown_12m,-0.010730781152226181,-0.014687387173265795,0.5,10
price_only,rank,expanding,growth_x_trailing_6m,0.008158441024150268,-0.001362493913281261,0.5,10
price_only,rank,expanding,trailing_3m_return,-0.10320668036105447,-0.04816030980403342,0.5,10
price_only,rank,rolling_2y,relative_6m_vs_spy,0.024160413546004993,0.030809603705725448,0.8,10
price_only,rank,rolling_2y,realized_vol_3m,0.1310168723077741,0.022825766810984697,0.7,10
price_only,rank,rolling_2y,trailing_3m_return,0.023777213845327664,0.032404716801744234,0.7,10
price_only,rank,rolling_2y,drawdown_12m,-0.08373719644759603,-0.04368947883584932,0.6,10
price_only,rank,rolling_2y,trailing_6m_return,0.03342538310665969,0.03365185354703229,0.6,10
price_only,rank,rolling_2y,growth_x_trailing_6m,4.8572881314817154e-05,0.004068525408871304,0.5,10
price_only,rank,rolling_2y,trailing_12m_return,0.0007060406241722758,0.006678593962772633,0.5,10
price_only,rank,rolling_2y,growth_x_fcf_margin,-0.00047970699794822324,0.01538992903256147,0.4,10
price_only,rank,rolling_3y,trailing_6m_return,0.082358425924554,0.08885580101128523,0.9,10
price_only,rank,rolling_3y,drawdown_12m,-0.09340338082219067,-0.05590627120517266,0.8,10
price_only,rank,rolling_3y,realized_vol_3m,0.18541760360596155,0.1462829940893265,0.8,10
price_only,rank,rolling_3y,relative_6m_vs_spy,0.011279007528610554,0.01280981852949696,0.6,10
price_only,rank,rolling_3y,growth_x_fcf_margin,-0.009852695074586257,0.00563435093789407,0.5,10
price_only,rank,rolling_3y,growth_x_trailing_6m,0.0022671592352252893,-0.004704343396436838,0.5,10
price_only,rank,rolling_3y,trailing_12m_return,-0.043027175426109274,-0.011811525697549395,0.5,10
price_only,rank,rolling_3y,trailing_3m_return,-0.03916443235268201,0.005352916973651011,0.5,10
price_only,rank,rolling_5y,trailing_6m_return,0.1128137434176292,0.09796976919255874,1.0,10
price_only,rank,rolling_5y,realized_vol_3m,0.26573860217536555,0.16102792733759427,0.9,10
price_only,rank,rolling_5y,trailing_12m_return,-0.07657256683884715,-0.07528148148508836,0.8,10
price_only,rank,rolling_5y,drawdown_12m,-0.04851261220379942,-0.04738397664026994,0.7,10
price_only,rank,rolling_5y,growth_x_trailing_6m,0.04181050369041602,0.0040756428210105165,0.6,10
price_only,rank,rolling_5y,relative_6m_vs_spy,-0.011712415984357235,0.006145574515744745,0.5,10
price_only,rank,rolling_5y,growth_x_fcf_margin,-0.03973782024061487,0.018236728740788077,0.4,10
price_only,rank,rolling_5y,trailing_3m_return,-0.11548785938357697,0.01572621033134759,0.4,10
price_only,robust_z,expanding,trailing_6m_return,0.13036401855501847,0.12418882782109483,1.0,10
price_only,robust_z,expanding,drawdown_12m,-0.026178324676475608,-0.02691513787176502,0.9,10
price_only,robust_z,expanding,realized_vol_3m,0.09218069286502253,0.07772856972445627,0.9,10
price_only,robust_z,expanding,trailing_12m_return,-0.03493628925573557,-0.03986593634418077,0.8,10
price_only,robust_z,expanding,growth_x_trailing_6m,-0.006789919447791238,-0.007804064854855351,0.6,10
price_only,robust_z,expanding,relative_6m_vs_spy,-0.037305144182603965,-0.033635730652153924,0.6,10
price_only,robust_z,expanding,trailing_3m_return,-0.04010021829291199,-0.021450304483202325,0.6,10
price_only,robust_z,expanding,growth_x_fcf_margin,-0.004960206170269929,0.0017018590594072426,0.5,10
price_only,robust_z,rolling_2y,drawdown_12m,-0.07949752364338916,-0.044964311055690154,0.7,10
price_only,robust_z,rolling_2y,relative_6m_vs_spy,0.016577761180428113,0.03287807712382185,0.7,10
price_only,robust_z,rolling_2y,growth_x_fcf_margin,-0.00710825076639188,-0.003799236609231824,0.6,10
price_only,robust_z,rolling_2y,growth_x_trailing_6m,-0.0032245415755169926,-0.003757178066622585,0.6,10
price_only,robust_z,rolling_2y,realized_vol_3m,0.07571680026684448,0.00512602495335898,0.6,10
price_only,robust_z,rolling_2y,trailing_12m_return,0.014581350308699581,0.008246707338953404,0.6,10
price_only,robust_z,rolling_2y,trailing_3m_return,0.013002205642973112,0.0099285355042295,0.6,10
price_only,robust_z,rolling_2y,trailing_6m_return,0.04448809870783716,0.02236786615678888,0.6,10
price_only,robust_z,rolling_3y,drawdown_12m,-0.10034724859466596,-0.04692296892332692,0.8,10
price_only,robust_z,rolling_3y,trailing_6m_return,0.09811612578176024,0.07376511305676689,0.8,10
price_only,robust_z,rolling_3y,growth_x_trailing_6m,-0.006335727327612376,-0.011756623492664162,0.7,10
price_only,robust_z,rolling_3y,realized_vol_3m,0.08542100833592223,0.07771155927005022,0.7,10
price_only,robust_z,rolling_3y,growth_x_fcf_margin,-0.008219988503819112,-0.0009321292844616637,0.5,10
price_only,robust_z,rolling_3y,relative_6m_vs_spy,0.00241585486160798,-0.004258831321976772,0.5,10
price_only,robust_z,rolling_3y,trailing_12m_return,-0.008443360826306586,-0.010742531329652569,0.5,10
price_only,robust_z,rolling_3y,trailing_3m_return,-0.02680681141381392,0.001452984038759977,0.5,10
price_only,robust_z,rolling_5y,trailing_6m_return,0.1396443373236814,0.13035779338664213,1.0,10
price_only,robust_z,rolling_5y,drawdown_12m,-0.057672333635796894,-0.03927352750718073,0.9,10
price_only,robust_z,rolling_5y,realized_vol_3m,0.1291682330353932,0.0882025189998332,0.9,10
price_only,robust_z,rolling_5y,trailing_12m_return,-0.029140276949723033,-0.035386326691583474,0.8,10
price_only,robust_z,rolling_5y,relative_6m_vs_spy,-0.046423277224751605,-0.028984473327773055,0.6,10
price_only,robust_z,rolling_5y,growth_x_fcf_margin,-0.014965128306860736,0.0009358228040441851,0.5,10
price_only,robust_z,rolling_5y,growth_x_trailing_6m,0.0013441636866469019,-0.004190282917414676,0.5,10
price_only,robust_z,rolling_5y,trailing_3m_return,-0.04693270478883075,-0.0014374279426241868,0.5,10
price_only,winsor_z,expanding,trailing_6m_return,0.12944050161862292,0.12518511890861178,1.0,10
price_only,winsor_z,expanding,drawdown_12m,-0.022024380364694285,-0.02147252595048724,0.8,10
price_only,winsor_z,expanding,realized_vol_3m,0.10175136484269391,0.08528045587982537,0.8,10
price_only,winsor_z,expanding,trailing_12m_return,-0.03431800217534906,-0.037205267601578954,0.8,10
price_only,winsor_z,expanding,trailing_3m_return,-0.04819343330386689,-0.03485107890640775,0.8,10
price_only,winsor_z,expanding,growth_x_fcf_margin,-0.012216461889842992,-0.007764283894437656,0.7,10
price_only,winsor_z,expanding,growth_x_trailing_6m,-0.011890770926676618,-0.0135697135680455,0.6,10
price_only,winsor_z,expanding,relative_6m_vs_spy,-0.02612607931565905,-0.02666948841670841,0.6,10
price_only,winsor_z,rolling_2y,drawdown_12m,-0.06745285177398372,-0.033575511997277055,0.7,10
price_only,winsor_z,rolling_2y,growth_x_fcf_margin,-0.012724945960349666,-0.006314466637614465,0.6,10
price_only,winsor_z,rolling_2y,realized_vol_3m,0.0679602023080988,0.0010797554785440765,0.6,10
price_only,winsor_z,rolling_2y,relative_6m_vs_spy,0.033437812280237934,0.03413128796789372,0.6,10
price_only,winsor_z,rolling_2y,trailing_12m_return,0.017499051530527283,0.013804227663939971,0.6,10
price_only,winsor_z,rolling_2y,trailing_6m_return,0.03536737137548174,0.030189963220158954,0.6,10
price_only,winsor_z,rolling_2y,growth_x_trailing_6m,-0.004402766816088999,-0.0002718105724595283,0.5,10
price_only,winsor_z,rolling_2y,trailing_3m_return,-0.0015009393354534605,0.009824069592690023,0.4,10
price_only,winsor_z,rolling_3y,drawdown_12m,-0.06025519259339196,-0.052395660863170664,0.7,10
price_only,winsor_z,rolling_3y,growth_x_fcf_margin,-0.013766148546397355,-0.007515065535605241,0.7,10
price_only,winsor_z,rolling_3y,growth_x_trailing_6m,-0.009182688190131025,-0.018310941432167497,0.7,10
price_only,winsor_z,rolling_3y,trailing_6m_return,0.0947872821785128,0.06747356448921242,0.7,10
price_only,winsor_z,rolling_3y,realized_vol_3m,0.07926852565802846,0.0736320961599523,0.6,10
price_only,winsor_z,rolling_3y,relative_6m_vs_spy,-0.001848014000378892,0.002898638227316846,0.5,10
price_only,winsor_z,rolling_3y,trailing_12m_return,-0.01289911989083201,-0.009995080871719948,0.5,10
price_only,winsor_z,rolling_3y,trailing_3m_return,-0.02361843005838233,-0.013617544040813633,0.5,10
price_only,winsor_z,rolling_5y,trailing_6m_return,0.14938001888234406,0.12398269085514034,1.0,10
price_only,winsor_z,rolling_5y,drawdown_12m,-0.04050409665496921,-0.03733038031592289,0.8,10
price_only,winsor_z,rolling_5y,realized_vol_3m,0.1279908128926218,0.1004920193703219,0.8,10
price_only,winsor_z,rolling_5y,trailing_12m_return,-0.03537092976458221,-0.03651581485103718,0.8,10
price_only,winsor_z,rolling_5y,growth_x_fcf_margin,-0.021419483635437785,-0.007764283894437656,0.7,10
price_only,winsor_z,rolling_5y,trailing_3m_return,-0.04986885005466594,-0.02404841752311373,0.7,10
price_only,winsor_z,rolling_5y,growth_x_trailing_6m,-0.001345834096846828,-0.00890329142111271,0.6,10
price_only,winsor_z,rolling_5y,relative_6m_vs_spy,-0.03953291143965566,-0.028729597844433886,0.6,10
