feature_set,forward_window,regression_bucket,condition,observations,mean_return,median_return,hit_rate,avg_growth,avg_trailing_6m
financial_only,fwd_12m_return,all,growth30_positive_margin,13,0.5863824687103355,0.3341658544961712,0.7692307692307693,0.5926894521531166,0.15396274400150614
financial_plus_price,fwd_12m_return,all,growth30_positive_margin,13,0.5863824687103355,0.3341658544961712,0.7692307692307693,0.5926894521531166,0.15396274400150614
growth_quality_only,fwd_12m_return,all,growth30_positive_margin,13,0.5863824687103355,0.3341658544961712,0.7692307692307693,0.5926894521531166,0.15396274400150614
growth_quality_price,fwd_12m_return,all,growth30_positive_margin,13,0.5863824687103355,0.3341658544961712,0.7692307692307693,0.5926894521531166,0.15396274400150614
financial_only,fwd_12m_return,all,growth30_model_top_half,14,0.5334819355872459,0.2794853069942372,0.7142857142857143,0.5903561994584345,0.1374872621544408
financial_plus_price,fwd_12m_return,all,model_top_quintile,84,0.505780957721937,0.35761320724679685,0.7619047619047619,0.1864595505784983,0.03618677592631618
financial_plus_price,fwd_12m_return,all,growth30_model_top_half,15,0.4928556050106562,0.2248047594923032,0.6666666666666666,0.5711594438288243,0.12481867717823006
growth_quality_only,fwd_12m_return,all,growth30_model_top_half,15,0.4928556050106562,0.2248047594923032,0.6666666666666666,0.5711594438288243,0.12481867717823006
growth_quality_price,fwd_12m_return,all,growth30_model_top_half,15,0.4928556050106562,0.2248047594923032,0.6666666666666666,0.5711594438288243,0.12481867717823006
financial_only,fwd_12m_return,all,growth30_positive_margin_mom,5,0.38155615734861503,0.4637128525913567,0.8,0.5243257824253493,0.576300892463723
financial_plus_price,fwd_12m_return,all,growth30_positive_margin_mom,5,0.38155615734861503,0.4637128525913567,0.8,0.5243257824253493,0.576300892463723
growth_quality_only,fwd_12m_return,all,growth30_positive_margin_mom,5,0.38155615734861503,0.4637128525913567,0.8,0.5243257824253493,0.576300892463723
growth_quality_price,fwd_12m_return,all,growth30_positive_margin_mom,5,0.38155615734861503,0.4637128525913567,0.8,0.5243257824253493,0.576300892463723
growth_quality_price,fwd_12m_return,all,model_top_quintile,84,0.31590332579257785,0.13818461497145162,0.6309523809523809,0.22121253136611005,0.025538159653340883
growth_quality_only,fwd_12m_return,all,model_top_quintile,84,0.2955093220986658,0.11664015630401775,0.6428571428571429,0.20567872612193225,0.027885058813355817
financial_only,fwd_12m_return,all,model_top_quintile,84,0.25174472848577356,0.09878717819012614,0.6309523809523809,0.19551460490265002,0.03901020276911077
financial_plus_price,fwd_12m_return,large_cap,model_top_quintile,39,0.8116832481207527,0.6118094069437159,0.9230769230769231,0.23729275213050344,0.0702040871769024
growth_quality_price,fwd_12m_return,large_cap,model_top_quintile,39,0.7687853369318842,0.611383493350719,0.8717948717948718,0.23489810043534362,0.03086723823307832
financial_only,fwd_12m_return,large_cap,growth30_positive_margin,10,0.7567585996449262,0.541872748030578,0.9,0.611046378760685,0.15024942753903722
financial_plus_price,fwd_12m_return,large_cap,growth30_positive_margin,10,0.7567585996449262,0.541872748030578,0.9,0.611046378760685,0.15024942753903722
growth_quality_only,fwd_12m_return,large_cap,growth30_positive_margin,10,0.7567585996449262,0.541872748030578,0.9,0.611046378760685,0.15024942753903722
growth_quality_price,fwd_12m_return,large_cap,growth30_positive_margin,10,0.7567585996449262,0.541872748030578,0.9,0.611046378760685,0.15024942753903722
growth_quality_only,fwd_12m_return,large_cap,growth30_model_top_half,8,0.7432611296385023,0.3921544222724943,0.75,0.5570079222954716,0.0756495628241579
financial_only,fwd_12m_return,large_cap,growth30_model_top_half,10,0.718855624194404,0.541872748030578,0.8,0.6348626567605828,0.14675661129986678
financial_plus_price,fwd_12m_return,large_cap,growth30_model_top_half,10,0.718855624194404,0.541872748030578,0.8,0.6348626567605828,0.14675661129986678
growth_quality_price,fwd_12m_return,large_cap,growth30_model_top_half,11,0.6739419092214858,0.4637128525913567,0.8181818181818182,0.6064079729122197,0.12961820668481489
growth_quality_only,fwd_12m_return,large_cap,model_top_quintile,39,0.5666142683735439,0.3107858297861021,0.717948717948718,0.22198334130020766,0.07355432399129955
financial_only,fwd_12m_return,large_cap,model_top_quintile,39,0.5224788040213568,0.3195181396104884,0.7948717948717948,0.2051694883048723,0.07469185497077555
financial_plus_price,fwd_12m_return,mid_cap,model_top_quintile,43,0.06012450457931087,0.0005579239417226,0.5348837209302325,0.09684822941127989,0.03394931056964831
financial_only,fwd_12m_return,mid_cap,model_top_quintile,43,0.0320825355891558,-0.004464986370905,0.4883720930232558,0.08661228605756627,0.0008236270492747367
growth_quality_only,fwd_12m_return,mid_cap,model_top_quintile,43,0.02732316227184466,-0.004464986370905,0.4883720930232558,0.08791349511635395,-0.011079006895371224
growth_quality_price,fwd_12m_return,mid_cap,model_top_quintile,43,-0.04771434623956993,-0.0450239310089537,0.3953488372093023,0.0943685882445993,0.023657964529911906
growth_quality_price,fwd_3m_return,all,growth30_model_top_half,21,0.19650103827200788,0.1474597822954739,0.6190476190476191,0.5164592289640926,0.18628917972227252
financial_plus_price,fwd_3m_return,all,growth30_model_top_half,19,0.17506410139343936,0.1474597822954739,0.5789473684210527,0.5487074528721966,0.11610302717026667
financial_only,fwd_3m_return,all,growth30_positive_margin,39,0.14311008394457256,0.0600037991585982,0.6153846153846154,0.6797480291338103,0.31234691377069684
financial_plus_price,fwd_3m_return,all,growth30_positive_margin,39,0.14311008394457256,0.0600037991585982,0.6153846153846154,0.6797480291338103,0.31234691377069684
growth_quality_only,fwd_3m_return,all,growth30_positive_margin,39,0.14311008394457256,0.0600037991585982,0.6153846153846154,0.6797480291338103,0.31234691377069684
growth_quality_price,fwd_3m_return,all,growth30_positive_margin,39,0.14311008394457256,0.0600037991585982,0.6153846153846154,0.6797480291338103,0.31234691377069684
growth_quality_only,fwd_3m_return,all,growth30_model_top_half,17,0.14177792453508953,0.0459891820841962,0.5294117647058824,0.5415566001600532,0.45059317657353243
financial_only,fwd_3m_return,all,growth30_positive_margin_mom,27,0.14047235974583613,0.1100154283903411,0.6666666666666666,0.6895743766518933,0.5235664786087985
financial_plus_price,fwd_3m_return,all,growth30_positive_margin_mom,27,0.14047235974583613,0.1100154283903411,0.6666666666666666,0.6895743766518933,0.5235664786087985
growth_quality_only,fwd_3m_return,all,growth30_positive_margin_mom,27,0.14047235974583613,0.1100154283903411,0.6666666666666666,0.6895743766518933,0.5235664786087985
growth_quality_price,fwd_3m_return,all,growth30_positive_margin_mom,27,0.14047235974583613,0.1100154283903411,0.6666666666666666,0.6895743766518933,0.5235664786087985
financial_only,fwd_3m_return,all,growth30_model_top_half,24,0.13021702757620923,0.10176893561559669,0.5416666666666666,0.5683288868373743,0.4025478111232587
financial_plus_price,fwd_3m_return,all,model_top_quintile,203,0.07258009694496595,0.0271250296827803,0.6009852216748769,0.06605453256054598,0.14472315446783987
growth_quality_price,fwd_3m_return,all,model_top_quintile,203,0.048851337216215464,0.0092943040336845,0.541871921182266,0.06945215634688658,0.17703715449925744
growth_quality_only,fwd_3m_return,all,model_top_quintile,203,0.008383011182394835,0.0001134213451163,0.5024630541871922,-0.012172183295329474,0.22460177305597212
financial_only,fwd_3m_return,all,model_top_quintile,203,0.006489100323144215,0.0057953960748129,0.5221674876847291,-0.0056969177134162784,0.21738784964546
financial_only,fwd_3m_return,large_cap,growth30_positive_margin_mom,6,0.47785121402868186,0.40552825062988973,0.8333333333333334,0.526147258530414,1.2256166899447822
financial_plus_price,fwd_3m_return,large_cap,growth30_positive_margin_mom,6,0.47785121402868186,0.40552825062988973,0.8333333333333334,0.526147258530414,1.2256166899447822
growth_quality_only,fwd_3m_return,large_cap,growth30_positive_margin_mom,6,0.47785121402868186,0.40552825062988973,0.8333333333333334,0.526147258530414,1.2256166899447822
growth_quality_price,fwd_3m_return,large_cap,growth30_positive_margin_mom,6,0.47785121402868186,0.40552825062988973,0.8333333333333334,0.526147258530414,1.2256166899447822
financial_only,fwd_3m_return,large_cap,growth30_positive_margin,13,0.3989795015463996,0.2706721549243038,0.7692307692307693,0.5765124797794041,0.5039079549051357
financial_plus_price,fwd_3m_return,large_cap,growth30_positive_margin,13,0.3989795015463996,0.2706721549243038,0.7692307692307693,0.5765124797794041,0.5039079549051357
growth_quality_only,fwd_3m_return,large_cap,growth30_positive_margin,13,0.3989795015463996,0.2706721549243038,0.7692307692307693,0.5765124797794041,0.5039079549051357
growth_quality_price,fwd_3m_return,large_cap,growth30_positive_margin,13,0.3989795015463996,0.2706721549243038,0.7692307692307693,0.5765124797794041,0.5039079549051357
growth_quality_only,fwd_3m_return,large_cap,growth30_model_top_half,14,0.3776692554734237,0.25270322988165944,0.7857142857142857,0.5753347251114158,0.46243638656495395
growth_quality_price,fwd_3m_return,large_cap,growth30_model_top_half,11,0.3495361165758926,0.2242217387688672,0.7272727272727273,0.6064079729122197,0.12961820668481489
financial_only,fwd_3m_return,large_cap,growth30_model_top_half,10,0.3465347334280331,0.25270322988165944,0.8,0.6240812368404718,0.5923094456737319
financial_plus_price,fwd_3m_return,large_cap,growth30_model_top_half,10,0.34108412618200906,0.2474469468465855,0.8,0.6254831948689688,0.206503137261025
growth_quality_only,fwd_3m_return,large_cap,model_top_quintile,47,0.21570156028996101,0.1571511732464592,0.6595744680851063,0.24640441725850873,0.30314294227515326
financial_only,fwd_3m_return,large_cap,model_top_quintile,47,0.20892392328326068,0.1474597822954739,0.723404255319149,0.1916957308976754,0.2375911719130861
growth_quality_price,fwd_3m_return,large_cap,model_top_quintile,47,0.19064070694315952,0.1384691885225231,0.7659574468085106,0.23599232592658,0.14286315367059296
financial_plus_price,fwd_3m_return,large_cap,model_top_quintile,47,0.1630156067658618,0.1268607267473545,0.7446808510638298,0.20055939521092314,0.12189302981702105
financial_only,fwd_3m_return,mid_cap,growth30_positive_margin_mom,11,0.03325359638378799,0.0251410546406885,0.5454545454545454,0.6088196808838325,0.24602481702824983
financial_plus_price,fwd_3m_return,mid_cap,growth30_positive_margin_mom,11,0.03325359638378799,0.0251410546406885,0.5454545454545454,0.6088196808838325,0.24602481702824983
growth_quality_only,fwd_3m_return,mid_cap,growth30_positive_margin_mom,11,0.03325359638378799,0.0251410546406885,0.5454545454545454,0.6088196808838325,0.24602481702824983
growth_quality_price,fwd_3m_return,mid_cap,growth30_positive_margin_mom,11,0.03325359638378799,0.0251410546406885,0.5454545454545454,0.6088196808838325,0.24602481702824983
financial_plus_price,fwd_3m_return,mid_cap,model_top_quintile,102,0.022198004098345932,0.00403961074042175,0.5098039215686274,-0.004244713898020777,0.09364015917343053
growth_quality_price,fwd_3m_return,mid_cap,model_top_quintile,102,0.002848431201393568,-0.020391099241775748,0.4215686274509804,-0.0375589988864348,0.08542427746207826
financial_only,fwd_3m_return,mid_cap,growth30_positive_margin,15,-0.008646195190250406,-0.0161603217275067,0.4666666666666667,0.6423338869663606,0.1179490688395301
financial_plus_price,fwd_3m_return,mid_cap,growth30_positive_margin,15,-0.008646195190250406,-0.0161603217275067,0.4666666666666667,0.6423338869663606,0.1179490688395301
growth_quality_only,fwd_3m_return,mid_cap,growth30_positive_margin,15,-0.008646195190250406,-0.0161603217275067,0.4666666666666667,0.6423338869663606,0.1179490688395301
growth_quality_price,fwd_3m_return,mid_cap,growth30_positive_margin,15,-0.008646195190250406,-0.0161603217275067,0.4666666666666667,0.6423338869663606,0.1179490688395301
financial_only,fwd_3m_return,mid_cap,model_top_quintile,102,-0.0162814652630479,-0.00562782871020695,0.46078431372549017,-0.04969907311773799,0.17861335783086413
growth_quality_only,fwd_3m_return,mid_cap,model_top_quintile,102,-0.019884281124075687,-0.0158934164342001,0.4215686274509804,-0.06567754828818556,0.18768951159430805
financial_only,fwd_6m_return,all,growth30_positive_margin_mom,8,0.8513550980543787,0.5767813148458746,0.875,0.49789619762080056,0.8537474311273263
financial_plus_price,fwd_6m_return,all,growth30_positive_margin_mom,8,0.8513550980543787,0.5767813148458746,0.875,0.49789619762080056,0.8537474311273263
growth_quality_only,fwd_6m_return,all,growth30_positive_margin_mom,8,0.8513550980543787,0.5767813148458746,0.875,0.49789619762080056,0.8537474311273263
growth_quality_price,fwd_6m_return,all,growth30_positive_margin_mom,8,0.8513550980543787,0.5767813148458746,0.875,0.49789619762080056,0.8537474311273263
financial_plus_price,fwd_6m_return,all,growth30_model_top_half,12,0.7965768528622297,0.5767813148458746,0.9166666666666666,0.5454834300803143,0.5203164286697546
growth_quality_price,fwd_6m_return,all,growth30_model_top_half,14,0.7447291219421245,0.5767813148458746,0.8571428571428571,0.5699557277561677,0.4399454928384233
financial_only,fwd_6m_return,all,growth30_positive_margin,16,0.6774321536787872,0.5767813148458746,0.75,0.5666564716768858,0.3718744161699734
financial_plus_price,fwd_6m_return,all,growth30_positive_margin,16,0.6774321536787872,0.5767813148458746,0.75,0.5666564716768858,0.3718744161699734
growth_quality_only,fwd_6m_return,all,growth30_positive_margin,16,0.6774321536787872,0.5767813148458746,0.75,0.5666564716768858,0.3718744161699734
growth_quality_price,fwd_6m_return,all,growth30_positive_margin,16,0.6774321536787872,0.5767813148458746,0.75,0.5666564716768858,0.3718744161699734
financial_only,fwd_6m_return,all,growth30_model_top_half,16,0.5140865326565635,0.3803405592932604,0.6875,0.5632670016048581,0.2892350131573462
growth_quality_only,fwd_6m_return,all,growth30_model_top_half,16,0.5140865326565635,0.3803405592932604,0.6875,0.5632670016048581,0.2892350131573462
financial_plus_price,fwd_6m_return,all,model_top_quintile,95,0.4024936626571964,0.2738373106090608,0.8526315789473684,0.10940210671868614,0.12794690540546222
growth_quality_price,fwd_6m_return,all,model_top_quintile,95,0.2995629635032426,0.1347099928090396,0.7263157894736842,0.1114626119668171,0.20868935042307277
growth_quality_only,fwd_6m_return,all,model_top_quintile,95,0.16832423821446355,0.0473077384564075,0.6105263157894737,0.16880378305655017,0.10061264025777189
financial_only,fwd_6m_return,all,model_top_quintile,95,0.14473011422677198,0.0645480541362741,0.6526315789473685,0.1428234293751125,0.06113945511498744
financial_only,fwd_6m_return,large_cap,growth30_positive_margin_mom,5,1.3251032431590501,1.3200020835326454,1.0,0.5336745080143631,1.1801368702101231
financial_plus_price,fwd_6m_return,large_cap,growth30_positive_margin_mom,5,1.3251032431590501,1.3200020835326454,1.0,0.5336745080143631,1.1801368702101231
growth_quality_only,fwd_6m_return,large_cap,growth30_positive_margin_mom,5,1.3251032431590501,1.3200020835326454,1.0,0.5336745080143631,1.1801368702101231
growth_quality_price,fwd_6m_return,large_cap,growth30_positive_margin_mom,5,1.3251032431590501,1.3200020835326454,1.0,0.5336745080143631,1.1801368702101231
growth_quality_price,fwd_6m_return,large_cap,growth30_model_top_half,10,0.8958577516911845,0.7891793523803259,0.9,0.6350507629358295,0.15144559604853036
financial_only,fwd_6m_return,large_cap,growth30_positive_margin,12,0.8908784998680135,0.7891793523803259,0.8333333333333334,0.5838459355017988,0.42481563542905726
financial_plus_price,fwd_6m_return,large_cap,growth30_positive_margin,12,0.8908784998680135,0.7891793523803259,0.8333333333333334,0.5838459355017988,0.42481563542905726
growth_quality_only,fwd_6m_return,large_cap,growth30_positive_margin,12,0.8908784998680135,0.7891793523803259,0.8333333333333334,0.5838459355017988,0.42481563542905726
growth_quality_price,fwd_6m_return,large_cap,growth30_positive_margin,12,0.8908784998680135,0.7891793523803259,0.8333333333333334,0.5838459355017988,0.42481563542905726
financial_plus_price,fwd_6m_return,large_cap,growth30_model_top_half,9,0.726489590006307,0.76028207024719,0.8888888888888888,0.6407023263976688,0.06800173155468588
financial_only,fwd_6m_return,large_cap,growth30_model_top_half,8,0.7211091999904946,0.741433839299927,1.0,0.6856625894880952,0.3249224610486744
growth_quality_only,fwd_6m_return,large_cap,growth30_model_top_half,12,0.7073957185816623,0.741433839299927,0.8333333333333334,0.5819891258685286,0.3471285911903985
financial_plus_price,fwd_6m_return,large_cap,model_top_quintile,43,0.46496484120956744,0.3829489592662187,0.8837209302325582,0.20895672958845718,0.09777852901891101
growth_quality_price,fwd_6m_return,large_cap,model_top_quintile,43,0.4235960782786756,0.2856637363915817,0.8372093023255814,0.19906675211752686,0.13428577039989398
financial_only,fwd_6m_return,large_cap,model_top_quintile,43,0.3472073890859537,0.1249430408779035,0.7209302325581395,0.15304827235496696,0.18090843369768422
growth_quality_only,fwd_6m_return,large_cap,model_top_quintile,43,0.3333508588597893,0.1272632865318037,0.7441860465116279,0.2539281543094026,0.1672358803935464
financial_plus_price,fwd_6m_return,mid_cap,model_top_quintile,48,0.15325687713106806,0.12857485536565927,0.75,0.03971548975559774,0.049280561624858915
growth_quality_price,fwd_6m_return,mid_cap,model_top_quintile,48,0.060063070571958956,0.09407599342960465,0.6041666666666666,0.040253210092982265,0.05608464286596882
growth_quality_only,fwd_6m_return,mid_cap,model_top_quintile,48,0.05859258986446131,0.0079741791336124,0.5208333333333334,0.11453347093493975,0.033440391411251665
financial_only,fwd_6m_return,mid_cap,model_top_quintile,48,0.05486334902000617,0.007044254027525801,0.5208333333333334,0.09953954460497409,0.02188659432370965
growth_quality_only,fwd_6m_return,mid_cap,growth30_model_top_half,5,0.020220039679660705,-0.0369521081953458,0.4,0.47255143716457393,0.15993230421643365
